fecha,producto,categoría,cantidad,precio_unitario,total
2025-01-01,Arena fina saco 40 kg,Materiales de construcción,12,9.48,113.76
2025-01-01,Cinta teflón 12 mm,Gasfitería,1,2.05,2.05
2025-01-01,Llave francesa 10 pulgadas,Herramientas manuales,2,39.88,79.76
2025-01-01,Perno hexagonal 1/4 ciento,Tornillería y fijaciones,5,19.94,99.70
2025-01-01,Pintura látex blanca 1 gl,Pinturas,1,49.83,49.83
2025-01-01,Tarugo plástico 6 mm ciento,Tornillería y fijaciones,3,5.70,17.10
2025-01-01,Tuerca hexagonal 1/4 ciento,Tornillería y fijaciones,1,10.17,10.17
2025-01-02,Arena fina saco 40 kg,Materiales de construcción,10,9.27,92.70
2025-01-02,Cinta teflón 12 mm,Gasfitería,10,2.03,20.30
2025-01-02,Cinta teflón 12 mm,Gasfitería,6,1.93,11.58
2025-01-02,Martillo de acero 16 oz,Herramientas manuales,2,27.28,54.56
2025-01-02,Martillo de acero 16 oz,Herramientas manuales,4,27.62,110.48
2025-01-03,Tarugo plástico 6 mm ciento,Tornillería y fijaciones,2,5.53,11.06
2025-01-03,Tubo PVC agua 1/2 pulgada,Gasfitería,1,7.87,7.87
2025-01-04,Cable THW 12 AWG metro,Electricidad,8,3.55,28.40
2025-01-04,Chaleco reflectivo,Seguridad industrial,3,17.44,52.32
2025-01-04,Cinta aislante negra,Electricidad,1,3.50,3.50
2025-01-04,Tarugo plástico 6 mm ciento,Tornillería y fijaciones,2,5.40,10.80
2025-01-04,Tornillo drywall 1 pulgada ciento,Tornillería y fijaciones,3,8.18,24.54
2025-01-04,Tubo PVC agua 1/2 pulgada,Gasfitería,2,7.81,15.62
2025-01-06,Foco LED 9W luz fría,Electricidad,10,7.02,70.20
2025-01-06,Tuerca hexagonal 1/4 ciento,Tornillería y fijaciones,10,9.71,97.10
2025-01-07,Arena fina saco 40 kg,Materiales de construcción,2,9.78,19.56
2025-01-07,Canaleta PVC 20x10 mm,Electricidad,8,4.66,37.28
2025-01-07,Pegamento PVC 1/4 gl,Gasfitería,2,16.99,33.98
2025-01-07,Pintura látex blanca 1 gl,Pinturas,2,49.94,99.88
2025-01-07,Taladro percutor 650W,Herramientas eléctricas,2,194.64,389.28
2025-01-07,Tornillo drywall 1 pulgada ciento,Tornillería y fijaciones,8,8.73,69.84
2025-01-08,Pegamento cerámico 25 kg,Materiales de construcción,10,23.42,234.20
2025-01-09,Lente de seguridad transparente,Seguridad industrial,4,9.96,39.84
2025-01-09,Lija al agua grano 220,Pinturas,2,1.01,2.02
2025-01-09,Rodillo felpa 9 pulgadas,Pinturas,3,16.00,48.00
2025-01-10,Foco LED 9W luz fría,Electricidad,15,7.12,106.80
2025-01-10,Lija al agua grano 220,Pinturas,3,1.00,3.00
2025-01-11,Cinta aislante negra,Electricidad,1,3.57,3.57
2025-01-11,Cinta métrica 5 m,Herramientas manuales,3,13.52,40.56
2025-01-11,Tarugo plástico 6 mm ciento,Tornillería y fijaciones,8,5.35,42.80
2025-01-12,Cemento bolsa 42.5 kg,Materiales de construcción,8,29.18,233.44
2025-01-12,Destornillador plano 6 pulgadas,Herramientas manuales,2,9.02,18.04
2025-01-12,Foco LED 9W luz fría,Electricidad,15,7.40,111.00
2025-01-13,Cinta métrica 5 m,Herramientas manuales,3,13.97,41.91
2025-01-15,Cemento bolsa 42.5 kg,Materiales de construcción,4,29.12,116.48
2025-01-15,Cinta aislante negra,Electricidad,10,3.53,35.30
2025-01-15,Destornillador plano 6 pulgadas,Herramientas manuales,1,9.02,9.02
2025-01-15,Interruptor simple empotrable,Electricidad,8,8.69,69.52
2025-01-15,Nivel de burbuja 40 cm,Herramientas manuales,4,27.86,111.44
2025-01-15,Tornillo drywall 1 pulgada ciento,Tornillería y fijaciones,2,8.39,16.78
2025-01-16,Canaleta PVC 20x10 mm,Electricidad,8,4.74,37.92
2025-01-16,Casco de seguridad amarillo,Seguridad industrial,1,24.32,24.32
2025-01-16,Esmalte sintético negro 1/4 gl,Pinturas,1,26.69,26.69
2025-01-17,Pegamento cerámico 25 kg,Materiales de construcción,2,23.80,47.60
2025-01-17,Tomacorriente doble,Electricidad,15,10.72,160.80
2025-01-17,Trampa lavatorio PVC,Gasfitería,1,12.45,12.45
2025-01-18,Codo PVC 1/2 pulgada,Gasfitería,4,1.54,6.16
2025-01-18,Yeso bolsa 20 kg,Materiales de construcción,12,13.78,165.36
2025-01-19,Cable THW 12 AWG metro,Electricidad,1,3.63,3.63
2025-01-19,Cemento bolsa 42.5 kg,Materiales de construcción,5,30.46,152.30
2025-01-19,Llave francesa 10 pulgadas,Herramientas manuales,2,38.23,76.46
2025-01-19,Pegamento cerámico 25 kg,Materiales de construcción,8,23.76,190.08
2025-01-20,Alicate universal 8 pulgadas,Herramientas manuales,3,24.06,72.18
2025-01-20,Cemento bolsa 42.5 kg,Materiales de construcción,5,29.23,146.15
2025-01-20,Cinta aislante negra,Electricidad,10,3.46,34.60
2025-01-20,Tornillo autoperforante 3/4 ciento,Tornillería y fijaciones,1,8.79,8.79
2025-01-21,Ducha eléctrica 5500W,Gasfitería,2,92.27,184.54
2025-01-21,Tornillo autoperforante 3/4 ciento,Tornillería y fijaciones,5,8.80,44.00
2025-01-22,Cable THW 12 AWG metro,Electricidad,8,3.48,27.84
2025-01-22,Llave esférica 1/2 pulgada,Gasfitería,6,14.65,87.90
2025-01-22,Regadera plástica 10 L,Jardinería,2,27.62,55.24
2025-01-23,Cemento bolsa 42.5 kg,Materiales de construcción,10,29.63,296.30
2025-01-23,Cemento bolsa 42.5 kg,Materiales de construcción,12,30.70,368.40
2025-01-23,Lente de seguridad transparente,Seguridad industrial,10,9.53,95.30
2025-01-23,Trampa lavatorio PVC,Gasfitería,4,12.67,50.68
2025-01-24,Cinta aislante negra,Electricidad,2,3.67,7.34
2025-01-24,Cinta aislante negra,Electricidad,4,3.60,14.40
2025-01-24,Remache pop 1/8 ciento,Tornillería y fijaciones,2,15.28,30.56
2025-01-25,Anclaje expansivo 3/8 unidad,Tornillería y fijaciones,5,2.91,14.55
2025-01-25,Martillo de acero 16 oz,Herramientas manuales,2,26.06,52.12
2025-01-25,Pegamento cerámico 25 kg,Materiales de construcción,6,23.19,139.14
2025-01-25,Tomacorriente doble,Electricidad,1,11.06,11.06
2025-01-26,Cemento bolsa 42.5 kg,Materiales de construcción,2,29.38,58.76
2025-01-26,Fertilizante universal 1 kg,Jardinería,3,14.42,43.26
2025-01-27,Arena fina saco 40 kg,Materiales de construcción,10,9.51,95.10
2025-01-27,Cinta métrica 5 m,Herramientas manuales,1,13.84,13.84
2025-01-28,Cinta aislante negra,Electricidad,8,3.45,27.60
2025-01-28,Martillo de acero 16 oz,Herramientas manuales,4,27.76,111.04
2025-01-29,Casco de seguridad amarillo,Seguridad industrial,1,23.93,23.93
2025-01-29,Destornillador plano 6 pulgadas,Herramientas manuales,1,8.85,8.85
2025-01-29,Mascarilla KN95 unidad,Seguridad industrial,10,2.58,25.80
2025-01-29,Tubo PVC agua 1/2 pulgada,Gasfitería,2,7.67,15.34
2025-01-30,Alicate universal 8 pulgadas,Herramientas manuales,2,23.97,47.94
2025-01-30,Cinta aislante negra,Electricidad,5,3.64,18.20
2025-01-31,Cinta aislante negra,Electricidad,15,3.45,51.75
2025-01-31,Foco LED 9W luz fría,Electricidad,1,7.12,7.12
2025-01-31,Tuerca hexagonal 1/4 ciento,Tornillería y fijaciones,10,9.78,97.80
2025-02-01,Amoladora angular 4.5 pulgadas,Herramientas eléctricas,1,154.43,154.43
2025-02-01,Cemento bolsa 42.5 kg,Materiales de construcción,15,29.76,446.40
2025-02-01,Codo PVC 1/2 pulgada,Gasfitería,5,1.60,8.00
2025-02-01,Interruptor simple empotrable,Electricidad,15,9.26,138.90
2025-02-01,Martillo de acero 16 oz,Herramientas manuales,3,26.54,79.62
2025-02-02,Arena fina saco 40 kg,Materiales de construcción,12,9.78,117.36
2025-02-02,Cemento bolsa 42.5 kg,Materiales de construcción,8,28.78,230.24
2025-02-02,Ladrillo pandereta unidad,Materiales de construcción,3,1.00,3.00
2025-02-02,Lente de seguridad transparente,Seguridad industrial,2,9.74,19.48
2025-02-02,Rodillo felpa 9 pulgadas,Pinturas,1,15.60,15.60
2025-02-02,Taladro percutor 650W,Herramientas eléctricas,3,198.47,595.41
2025-02-03,Lente de seguridad transparente,Seguridad industrial,2,9.46,18.92
2025-02-04,Arena fina saco 40 kg,Materiales de construcción,2,9.81,19.62
2025-02-04,Destornillador plano 6 pulgadas,Herramientas manuales,2,9.14,18.28
2025-02-04,Foco LED 9W luz fría,Electricidad,3,6.91,20.73
2025-02-04,Yeso bolsa 20 kg,Materiales de construcción,10,14.19,141.90
2025-02-05,Fertilizante universal 1 kg,Jardinería,5,14.48,72.40
2025-02-05,Guante de seguridad latex par,Seguridad industrial,3,6.68,20.04
2025-02-05,Lente de seguridad transparente,Seguridad industrial,5,9.87,49.35
2025-02-06,Cable THW 12 AWG metro,Electricidad,1,3.62,3.62
2025-02-06,Thinner acrílico 1 L,Pinturas,2,13.02,26.04
2025-02-07,Maceta plastica mediana,Jardinería,4,10.45,41.80
2025-02-07,Tomacorriente doble,Electricidad,10,11.01,110.10
2025-02-08,Cinta métrica 5 m,Herramientas manuales,5,14.20,71.00
2025-02-08,Ladrillo pandereta unidad,Materiales de construcción,20,1.01,20.20
2025-02-08,Martillo de acero 16 oz,Herramientas manuales,5,26.29,131.45
2025-02-09,Alicate universal 8 pulgadas,Herramientas manuales,1,25.14,25.14
2025-02-09,Alicate universal 8 pulgadas,Herramientas manuales,2,23.71,47.42
2025-02-10,Anclaje expansivo 3/8 unidad,Tornillería y fijaciones,4,2.83,11.32
2025-02-10,Tomacorriente doble,Electricidad,8,10.89,87.12
2025-02-11,Cinta aislante negra,Electricidad,1,3.46,3.46
2025-02-11,Cinta métrica 5 m,Herramientas manuales,1,13.27,13.27
2025-02-11,Codo PVC 1/2 pulgada,Gasfitería,2,1.61,3.22
2025-02-11,Lija al agua grano 220,Pinturas,1,1.03,1.03
2025-02-11,Llave esférica 1/2 pulgada,Gasfitería,1,14.14,14.14
2025-02-12,Cemento bolsa 42.5 kg,Materiales de construcción,3,29.58,88.74
2025-02-12,Guante de seguridad latex par,Seguridad industrial,5,6.84,34.20
2025-02-12,Maceta plastica mediana,Jardinería,4,10.43,41.72
2025-02-12,Pegamento cerámico 25 kg,Materiales de construcción,2,23.45,46.90
2025-02-12,Tarugo plástico 6 mm ciento,Tornillería y fijaciones,10,5.40,54.00
2025-02-12,Tornillo drywall 1 pulgada ciento,Tornillería y fijaciones,8,8.35,66.80
2025-02-13,Arena fina saco 40 kg,Materiales de construcción,8,9.17,73.36
2025-02-13,Guante de seguridad latex par,Seguridad industrial,5,6.88,34.40
2025-02-13,Manguera reforzada 15 m,Jardinería,2,49.20,98.40
2025-02-13,Manguera reforzada 15 m,Jardinería,2,47.45,94.90
2025-02-13,Mascarilla KN95 unidad,Seguridad industrial,4,2.67,10.68
2025-02-13,Pegamento PVC 1/4 gl,Gasfitería,5,17.02,85.10
2025-02-13,Tomacorriente doble,Electricidad,15,10.78,161.70
2025-02-13,Tubo PVC agua 1/2 pulgada,Gasfitería,2,7.66,15.32
2025-02-14,Cemento bolsa 42.5 kg,Materiales de construcción,12,29.93,359.16
2025-02-14,Perno hexagonal 1/4 ciento,Tornillería y fijaciones,1,18.80,18.80
2025-02-15,Arena fina saco 40 kg,Materiales de construcción,8,9.44,75.52
2025-02-15,Cemento bolsa 42.5 kg,Materiales de construcción,15,28.63,429.45
2025-02-15,Cinta métrica 5 m,Herramientas manuales,3,13.41,40.23
2025-02-15,Martillo de acero 16 oz,Herramientas manuales,1,27.83,27.83
2025-02-15,Remache pop 1/8 ciento,Tornillería y fijaciones,5,15.73,78.65
2025-02-15,Tornillo drywall 1 pulgada ciento,Tornillería y fijaciones,3,8.63,25.89
2025-02-16,Cemento bolsa 42.5 kg,Materiales de construcción,12,30.49,365.88
2025-02-16,Guante de seguridad latex par,Seguridad industrial,5,6.87,34.35
2025-02-16,Tuerca hexagonal 1/4 ciento,Tornillería y fijaciones,4,10.31,41.24
2025-02-16,Válvula check 1/2 pulgada,Gasfitería,4,26.54,106.16
2025-02-17,Alicate universal 8 pulgadas,Herramientas manuales,2,23.63,47.26
2025-02-17,Breaker termomagnético 20A,Electricidad,10,34.04,340.40
2025-02-17,Cinta teflón 12 mm,Gasfitería,10,1.99,19.90
2025-02-17,Llave esférica 1/2 pulgada,Gasfitería,6,14.05,84.30
2025-02-17,Llave esférica 1/2 pulgada,Gasfitería,2,15.09,30.18
2025-02-17,Martillo de acero 16 oz,Herramientas manuales,5,27.30,136.50
2025-02-17,Tarugo plástico 6 mm ciento,Tornillería y fijaciones,2,5.60,11.20
2025-02-17,Tarugo plástico 6 mm ciento,Tornillería y fijaciones,4,5.70,22.80
2025-02-17,Yeso bolsa 20 kg,Materiales de construcción,20,13.45,269.00
2025-02-18,Arena fina saco 40 kg,Materiales de construcción,20,9.69,193.80
2025-02-18,Cemento bolsa 42.5 kg,Materiales de construcción,8,29.82,238.56
2025-02-18,Foco LED 9W luz fría,Electricidad,5,7.06,35.30
2025-02-18,Lente de seguridad transparente,Seguridad industrial,8,9.94,79.52
2025-02-19,Martillo de acero 16 oz,Herramientas manuales,1,27.36,27.36
2025-02-20,Cemento bolsa 42.5 kg,Materiales de construcción,2,29.55,59.10
2025-02-20,Cinta teflón 12 mm,Gasfitería,6,1.96,11.76
2025-02-20,Perno hexagonal 1/4 ciento,Tornillería y fijaciones,1,19.17,19.17
2025-02-20,Tarugo plástico 6 mm ciento,Tornillería y fijaciones,1,5.37,5.37
2025-02-21,Amoladora angular 4.5 pulgadas,Herramientas eléctricas,2,156.05,312.10
2025-02-21,Rotomartillo SDS Plus,Herramientas eléctricas,1,450.79,450.79
2025-02-21,Tomacorriente doble,Electricidad,4,10.82,43.28
2025-02-22,Guante de seguridad latex par,Seguridad industrial,3,6.55,19.65
2025-02-22,Lija al agua grano 220,Pinturas,2,1.00,2.00
2025-02-22,Pintura látex blanca 1 gl,Pinturas,6,47.13,282.78
2025-02-23,Amoladora angular 4.5 pulgadas,Herramientas eléctricas,2,152.83,305.66
2025-02-24,Guante de seguridad latex par,Seguridad industrial,2,6.74,13.48
2025-02-24,Tomacorriente doble,Electricidad,1,11.37,11.37
2025-02-24,Tornillo drywall 1 pulgada ciento,Tornillería y fijaciones,10,8.37,83.70
2025-02-25,Cable THW 12 AWG metro,Electricidad,15,3.76,56.40
2025-02-25,Lija al agua grano 220,Pinturas,6,1.02,6.12
2025-02-25,Tornillo drywall 1 pulgada ciento,Tornillería y fijaciones,2,8.48,16.96
2025-02-26,Brocha 2 pulgadas,Pinturas,2,7.05,14.10
2025-02-27,Cinta teflón 12 mm,Gasfitería,5,1.99,9.95
2025-02-27,Lente de seguridad transparente,Seguridad industrial,8,9.72,77.76
2025-02-27,Lija al agua grano 220,Pinturas,2,1.05,2.10
2025-02-27,Martillo de acero 16 oz,Herramientas manuales,1,26.46,26.46
2025-02-27,Tomacorriente doble,Electricidad,1,11.08,11.08
2025-02-27,Tubo PVC agua 1/2 pulgada,Gasfitería,10,7.45,74.50
2025-02-27,Tubo PVC agua 1/2 pulgada,Gasfitería,10,7.48,74.80
2025-02-28,Cable THW 12 AWG metro,Electricidad,2,3.63,7.26
2025-02-28,Cable THW 12 AWG metro,Electricidad,2,3.58,7.16
2025-02-28,Nivel de burbuja 40 cm,Herramientas manuales,3,29.35,88.05
2025-02-28,Tubo PVC agua 1/2 pulgada,Gasfitería,1,7.73,7.73
2025-03-01,Amoladora angular 4.5 pulgadas,Herramientas eléctricas,1,159.31,159.31
2025-03-01,Cemento bolsa 42.5 kg,Materiales de construcción,1,29.96,29.96
2025-03-01,Clavo para madera kg,Materiales de construcción,6,10.33,61.98
2025-03-01,Maceta plastica mediana,Jardinería,1,10.34,10.34
2025-03-02,Cable THW 12 AWG metro,Electricidad,3,3.63,10.89
2025-03-02,Casco de seguridad amarillo,Seguridad industrial,2,23.32,46.64
2025-03-02,Tornillo autoperforante 3/4 ciento,Tornillería y fijaciones,8,8.72,69.76
2025-03-03,Cemento bolsa 42.5 kg,Materiales de construcción,2,30.04,60.08
2025-03-03,Foco LED 9W luz fría,Electricidad,1,7.37,7.37
2025-03-03,Lija al agua grano 220,Pinturas,2,1.01,2.02
2025-03-04,Anclaje expansivo 3/8 unidad,Tornillería y fijaciones,4,2.81,11.24
2025-03-04,Cinta métrica 5 m,Herramientas manuales,2,13.49,26.98
2025-03-04,Ladrillo pandereta unidad,Materiales de construcción,1,0.99,0.99
2025-03-04,Martillo de acero 16 oz,Herramientas manuales,2,27.57,55.14
2025-03-05,Pegamento PVC 1/4 gl,Gasfitería,6,16.54,99.24
2025-03-05,Pegamento cerámico 25 kg,Materiales de construcción,12,22.55,270.60
2025-03-05,Pegamento cerámico 25 kg,Materiales de construcción,10,23.65,236.50
2025-03-06,Amoladora angular 4.5 pulgadas,Herramientas eléctricas,1,157.44,157.44
2025-03-07,Manguera reforzada 15 m,Jardinería,2,46.68,93.36
2025-03-07,Tornillo autoperforante 3/4 ciento,Tornillería y fijaciones,4,9.14,36.56
2025-03-08,Remache pop 1/8 ciento,Tornillería y fijaciones,1,15.36,15.36
2025-03-09,Mascarilla KN95 unidad,Seguridad industrial,4,2.59,10.36
2025-03-10,Cemento bolsa 42.5 kg,Materiales de construcción,2,28.56,57.12
2025-03-10,Cemento bolsa 42.5 kg,Materiales de construcción,1,28.52,28.52
2025-03-10,Lija al agua grano 220,Pinturas,1,1.01,1.01
2025-03-10,Tomacorriente doble,Electricidad,5,10.75,53.75
2025-03-11,Cable THW 12 AWG metro,Electricidad,2,3.47,6.94
2025-03-11,Cemento bolsa 42.5 kg,Materiales de construcción,6,29.58,177.48
2025-03-11,Clavo para madera kg,Materiales de construcción,10,9.83,98.30
2025-03-11,Manguera reforzada 15 m,Jardinería,2,49.44,98.88
2025-03-11,Pala jardinera,Jardinería,2,28.10,56.20
2025-03-11,Pegamento PVC 1/4 gl,Gasfitería,1,16.67,16.67
2025-03-11,Rodillo felpa 9 pulgadas,Pinturas,3,15.33,45.99
2025-03-12,Cable THW 12 AWG metro,Electricidad,15,3.72,55.80
2025-03-12,Cemento bolsa 42.5 kg,Materiales de construcción,4,30.04,120.16
2025-03-12,Cinta métrica 5 m,Herramientas manuales,2,13.65,27.30
2025-03-12,Codo PVC 1/2 pulgada,Gasfitería,10,1.59,15.90
2025-03-12,Tornillo autoperforante 3/4 ciento,Tornillería y fijaciones,8,9.05,72.40
2025-03-13,Alambre recocido kg,Materiales de construcción,12,9.03,108.36
2025-03-13,Cinta aislante negra,Electricidad,10,3.57,35.70
2025-03-13,Clavo para madera kg,Materiales de construcción,8,9.84,78.72
2025-03-13,Foco LED 9W luz fría,Electricidad,3,7.16,21.48
2025-03-13,Thinner acrílico 1 L,Pinturas,2,13.43,26.86
2025-03-13,Trampa lavatorio PVC,Gasfitería,2,12.35,24.70
2025-03-14,Clavo para madera kg,Materiales de construcción,12,9.84,118.08
2025-03-14,Codo PVC 1/2 pulgada,Gasfitería,2,1.52,3.04
2025-03-15,Cinta teflón 12 mm,Gasfitería,1,2.02,2.02
2025-03-15,Ladrillo pandereta unidad,Materiales de construcción,5,0.95,4.75
2025-03-15,Ladrillo pandereta unidad,Materiales de construcción,1,0.95,0.95
2025-03-15,Llave francesa 10 pulgadas,Herramientas manuales,2,39.59,79.18
2025-03-15,Mascarilla KN95 unidad,Seguridad industrial,10,2.51,25.10
2025-03-15,Taladro percutor 650W,Herramientas eléctricas,1,188.07,188.07
2025-03-15,Thinner acrílico 1 L,Pinturas,1,12.45,12.45
2025-03-16,Cinta aislante negra,Electricidad,10,3.71,37.10
2025-03-16,Ladrillo pandereta unidad,Materiales de construcción,5,1.01,5.05
2025-03-16,Tarugo plástico 6 mm ciento,Tornillería y fijaciones,1,5.39,5.39
2025-03-17,Cinta métrica 5 m,Herramientas manuales,3,13.55,40.65
2025-03-17,Pintura látex blanca 1 gl,Pinturas,2,48.12,96.24
2025-03-17,Tubo PVC agua 1/2 pulgada,Gasfitería,10,7.57,75.70
2025-03-18,Cinta aislante negra,Electricidad,10,3.53,35.30
2025-03-18,Tubo PVC agua 1/2 pulgada,Gasfitería,10,7.70,77.00
2025-03-19,Cable THW 12 AWG metro,Electricidad,2,3.51,7.02
2025-03-19,Guante de seguridad latex par,Seguridad industrial,10,6.83,68.30
2025-03-20,Amoladora angular 4.5 pulgadas,Herramientas eléctricas,1,157.03,157.03
2025-03-20,Guante de seguridad latex par,Seguridad industrial,4,6.95,27.80
2025-03-21,Interruptor simple empotrable,Electricidad,1,9.09,9.09
2025-03-21,Pegamento cerámico 25 kg,Materiales de construcción,10,22.56,225.60
2025-03-21,Regadera plástica 10 L,Jardinería,5,28.36,141.80
2025-03-22,Breaker termomagnético 20A,Electricidad,8,33.09,264.72
2025-03-22,Cable THW 12 AWG metro,Electricidad,2,3.50,7.00
2025-03-22,Cinta teflón 12 mm,Gasfitería,5,1.94,9.70
2025-03-22,Codo PVC 1/2 pulgada,Gasfitería,10,1.53,15.30
2025-03-22,Ladrillo pandereta unidad,Materiales de construcción,1,0.96,0.96
2025-03-22,Martillo de acero 16 oz,Herramientas manuales,2,27.09,54.18
2025-03-22,Taladro percutor 650W,Herramientas eléctricas,2,188.91,377.82
2025-03-22,Tornillo drywall 1 pulgada ciento,Tornillería y fijaciones,5,8.37,41.85
2025-03-23,Cinta teflón 12 mm,Gasfitería,4,1.97,7.88
2025-03-23,Cinta teflón 12 mm,Gasfitería,6,1.98,11.88
2025-03-23,Guante de seguridad latex par,Seguridad industrial,1,6.72,6.72
2025-03-24,Alicate universal 8 pulgadas,Herramientas manuales,2,24.62,49.24
2025-03-24,Alicate universal 8 pulgadas,Herramientas manuales,1,25.37,25.37
2025-03-24,Base selladora 1 gl,Pinturas,2,38.28,76.56
2025-03-24,Brocha 2 pulgadas,Pinturas,2,7.30,14.60
2025-03-24,Chaleco reflectivo,Seguridad industrial,5,17.75,88.75
2025-03-24,Cinta métrica 5 m,Herramientas manuales,3,13.93,41.79
2025-03-24,Codo PVC 1/2 pulgada,Gasfitería,1,1.59,1.59
2025-03-24,Tornillo autoperforante 3/4 ciento,Tornillería y fijaciones,4,9.05,36.20
2025-03-25,Alicate universal 8 pulgadas,Herramientas manuales,1,24.89,24.89
2025-03-25,Cable THW 12 AWG metro,Electricidad,1,3.66,3.66
2025-03-25,Cemento bolsa 42.5 kg,Materiales de construcción,4,29.38,117.52
2025-03-25,Lija al agua grano 220,Pinturas,1,1.05,1.05
2025-03-26,Arena fina saco 40 kg,Materiales de construcción,4,9.37,37.48
2025-03-26,Interruptor simple empotrable,Electricidad,1,9.30,9.30
2025-03-26,Tornillo drywall 1 pulgada ciento,Tornillería y fijaciones,8,8.13,65.04
2025-03-26,Trampa lavatorio PVC,Gasfitería,2,12.45,24.90
2025-03-27,Interruptor simple empotrable,Electricidad,10,9.17,91.70
2025-03-27,Tornillo drywall 1 pulgada ciento,Tornillería y fijaciones,10,8.61,86.10
2025-03-27,Tornillo drywall 1 pulgada ciento,Tornillería y fijaciones,8,8.15,65.20
2025-03-27,Tubo PVC agua 1/2 pulgada,Gasfitería,2,7.71,15.42
2025-03-28,Esmalte sintético negro 1/4 gl,Pinturas,4,26.20,104.80
2025-03-29,Cinta aislante negra,Electricidad,2,3.68,7.36
2025-03-29,Codo PVC 1/2 pulgada,Gasfitería,2,1.60,3.20
2025-03-29,Esmalte sintético negro 1/4 gl,Pinturas,6,26.32,157.92
2025-03-29,Foco LED 9W luz fría,Electricidad,10,6.96,69.60
2025-03-29,Tornillo drywall 1 pulgada ciento,Tornillería y fijaciones,4,8.12,32.48
2025-03-30,Cemento bolsa 42.5 kg,Materiales de construcción,4,29.92,119.68
2025-03-30,Cinta métrica 5 m,Herramientas manuales,5,14.17,70.85
2025-03-30,Taladro percutor 650W,Herramientas eléctricas,3,194.25,582.75
2025-03-30,Tarugo plástico 6 mm ciento,Tornillería y fijaciones,3,5.71,17.13
2025-03-31,Alicate universal 8 pulgadas,Herramientas manuales,2,23.50,47.00
2025-03-31,Cinta métrica 5 m,Herramientas manuales,2,14.21,28.42
2025-03-31,Ladrillo pandereta unidad,Materiales de construcción,10,0.99,9.90
2025-03-31,Tuerca hexagonal 1/4 ciento,Tornillería y fijaciones,1,10.24,10.24
2025-04-01,Cable THW 12 AWG metro,Electricidad,5,3.48,17.40
2025-04-01,Cinta teflón 12 mm,Gasfitería,4,2.04,8.16
2025-04-01,Guante de seguridad latex par,Seguridad industrial,3,6.61,19.83
2025-04-01,Tarugo plástico 6 mm ciento,Tornillería y fijaciones,2,5.42,10.84
2025-04-01,Tornillo drywall 1 pulgada ciento,Tornillería y fijaciones,3,8.51,25.53
2025-04-02,Protector auditivo tipo copa,Seguridad industrial,5,30.38,151.90
2025-04-03,Alicate universal 8 pulgadas,Herramientas manuales,3,24.09,72.27
2025-04-03,Tarugo plástico 6 mm ciento,Tornillería y fijaciones,3,5.52,16.56
2025-04-04,Base selladora 1 gl,Pinturas,1,40.77,40.77
2025-04-04,Brocha 2 pulgadas,Pinturas,4,7.00,28.00
2025-04-04,Cable THW 12 AWG metro,Electricidad,1,3.53,3.53
2025-04-04,Guante de seguridad latex par,Seguridad industrial,2,6.89,13.78
2025-04-04,Interruptor simple empotrable,Electricidad,1,9.03,9.03
2025-04-04,Ladrillo pandereta unidad,Materiales de construcción,3,0.96,2.88
2025-04-04,Pintura látex blanca 1 gl,Pinturas,3,50.23,150.69
2025-04-05,Cable THW 12 AWG metro,Electricidad,1,3.60,3.60
2025-04-05,Ladrillo pandereta unidad,Materiales de construcción,2,1.00,2.00
2025-04-05,Ladrillo pandereta unidad,Materiales de construcción,10,1.02,10.20
2025-04-05,Lija al agua grano 220,Pinturas,1,1.05,1.05
2025-04-05,Llave esférica 1/2 pulgada,Gasfitería,3,14.22,42.66
2025-04-05,Pegamento cerámico 25 kg,Materiales de construcción,20,23.66,473.20
2025-04-06,Amoladora angular 4.5 pulgadas,Herramientas eléctricas,1,151.63,151.63
2025-04-06,Lija al agua grano 220,Pinturas,2,1.01,2.02
2025-04-06,Tarugo plástico 6 mm ciento,Tornillería y fijaciones,5,5.36,26.80
2025-04-07,Tornillo autoperforante 3/4 ciento,Tornillería y fijaciones,4,8.97,35.88
2025-04-08,Destornillador plano 6 pulgadas,Herramientas manuales,1,8.61,8.61
2025-04-08,Yeso bolsa 20 kg,Materiales de construcción,3,14.18,42.54
2025-04-09,Amoladora angular 4.5 pulgadas,Herramientas eléctricas,2,151.47,302.94
2025-04-09,Cemento bolsa 42.5 kg,Materiales de construcción,6,28.56,171.36
2025-04-09,Cinta métrica 5 m,Herramientas manuales,2,13.42,26.84
2025-04-09,Guante de seguridad latex par,Seguridad industrial,1,6.44,6.44
2025-04-09,Juego de llaves mixtas 8 piezas,Herramientas manuales,5,56.90,284.50
2025-04-09,Juego de llaves mixtas 8 piezas,Herramientas manuales,5,57.72,288.60
2025-04-09,Tablero eléctrico 8 polos,Electricidad,4,84.01,336.04
2025-04-10,Canaleta PVC 20x10 mm,Electricidad,3,4.65,13.95
2025-04-10,Foco LED 9W luz fría,Electricidad,15,7.32,109.80
2025-04-10,Rastrillo metálico,Jardinería,2,33.92,67.84
2025-04-11,Foco LED 9W luz fría,Electricidad,3,7.27,21.81
2025-04-11,Interruptor simple empotrable,Electricidad,3,9.30,27.90
2025-04-11,Lija al agua grano 220,Pinturas,4,1.02,4.08
2025-04-12,Cinta métrica 5 m,Herramientas manuales,2,14.06,28.12
2025-04-12,Fertilizante universal 1 kg,Jardinería,2,14.72,29.44
2025-04-12,Lija al agua grano 220,Pinturas,3,0.99,2.97
2025-04-12,Pintura látex blanca 1 gl,Pinturas,1,46.78,46.78
2025-04-13,Cable THW 12 AWG metro,Electricidad,1,3.55,3.55
2025-04-13,Canaleta PVC 20x10 mm,Electricidad,2,4.63,9.26
2025-04-13,Cinta métrica 5 m,Herramientas manuales,5,14.01,70.05
2025-04-13,Martillo de acero 16 oz,Herramientas manuales,2,26.48,52.96
2025-04-13,Tomacorriente doble,Electricidad,2,10.65,21.30
2025-04-13,Tomacorriente doble,Electricidad,4,11.12,44.48
2025-04-14,Arena fina saco 40 kg,Materiales de construcción,4,9.75,39.00
2025-04-14,Impermeabilizante 4 L,Materiales de construcción,10,73.86,738.60
2025-04-14,Tornillo drywall 1 pulgada ciento,Tornillería y fijaciones,8,8.50,68.00
2025-04-15,Taladro percutor 650W,Herramientas eléctricas,1,185.49,185.49
2025-04-15,Tarugo plástico 6 mm ciento,Tornillería y fijaciones,8,5.67,45.36
2025-04-16,Alambre recocido kg,Materiales de construcción,4,9.11,36.44
2025-04-16,Codo PVC 1/2 pulgada,Gasfitería,1,1.63,1.63
2025-04-16,Codo PVC 1/2 pulgada,Gasfitería,8,1.55,12.40
2025-04-17,Cinta aislante negra,Electricidad,1,3.58,3.58
2025-04-18,Cemento bolsa 42.5 kg,Materiales de construcción,4,28.66,114.64
2025-04-18,Foco LED 9W luz fría,Electricidad,10,6.94,69.40
2025-04-18,Ladrillo pandereta unidad,Materiales de construcción,6,0.97,5.82
2025-04-19,Cinta teflón 12 mm,Gasfitería,4,2.04,8.16
2025-04-19,Foco LED 9W luz fría,Electricidad,5,7.00,35.00
2025-04-19,Ladrillo pandereta unidad,Materiales de construcción,10,1.02,10.20
2025-04-19,Taladro percutor 650W,Herramientas eléctricas,1,198.07,198.07
2025-04-20,Alambre recocido kg,Materiales de construcción,3,9.18,27.54
2025-04-20,Cinta teflón 12 mm,Gasfitería,2,2.05,4.10
2025-04-20,Cinta teflón 12 mm,Gasfitería,1,2.02,2.02
2025-04-20,Pegamento PVC 1/4 gl,Gasfitería,4,17.57,70.28
2025-04-20,Tornillo drywall 1 pulgada ciento,Tornillería y fijaciones,4,8.16,32.64
2025-04-21,Amoladora angular 4.5 pulgadas,Herramientas eléctricas,1,154.63,154.63
2025-04-21,Perno hexagonal 1/4 ciento,Tornillería y fijaciones,1,19.39,19.39
2025-04-21,Tornillo drywall 1 pulgada ciento,Tornillería y fijaciones,10,8.71,87.10
2025-04-22,Amoladora angular 4.5 pulgadas,Herramientas eléctricas,1,149.37,149.37
2025-04-22,Perno hexagonal 1/4 ciento,Tornillería y fijaciones,5,19.57,97.85
2025-04-23,Mascarilla KN95 unidad,Seguridad industrial,10,2.51,25.10
2025-04-23,Pintura látex blanca 1 gl,Pinturas,4,49.40,197.60
2025-04-24,Codo PVC 1/2 pulgada,Gasfitería,3,1.57,4.71
2025-04-24,Destornillador plano 6 pulgadas,Herramientas manuales,1,8.99,8.99
2025-04-24,Guante de seguridad latex par,Seguridad industrial,5,6.82,34.10
2025-04-24,Martillo de acero 16 oz,Herramientas manuales,4,27.75,111.00
2025-04-24,Rodillo felpa 9 pulgadas,Pinturas,6,15.12,90.72
2025-04-24,Tuerca hexagonal 1/4 ciento,Tornillería y fijaciones,1,10.15,10.15
2025-04-25,Ducha eléctrica 5500W,Gasfitería,3,91.18,273.54
2025-04-25,Rastrillo metálico,Jardinería,2,35.56,71.12
2025-04-25,Yeso bolsa 20 kg,Materiales de construcción,1,13.37,13.37
2025-04-26,Alambre recocido kg,Materiales de construcción,2,8.96,17.92
2025-04-26,Cemento bolsa 42.5 kg,Materiales de construcción,8,29.70,237.60
2025-04-26,Cemento bolsa 42.5 kg,Materiales de construcción,8,30.72,245.76
2025-04-27,Alicate universal 8 pulgadas,Herramientas manuales,5,24.48,122.40
2025-04-27,Arandela plana 1/4 ciento,Tornillería y fijaciones,8,6.75,54.00
2025-04-27,Foco LED 9W luz fría,Electricidad,15,7.06,105.90
2025-04-27,Ladrillo pandereta unidad,Materiales de construcción,1,0.96,0.96
2025-04-27,Martillo de acero 16 oz,Herramientas manuales,2,27.16,54.32
2025-04-27,Tornillo autoperforante 3/4 ciento,Tornillería y fijaciones,5,9.10,45.50
2025-04-27,Tubo PVC agua 1/2 pulgada,Gasfitería,4,7.67,30.68
2025-04-29,Cinta métrica 5 m,Herramientas manuales,2,13.57,27.14
2025-04-30,Arena fina saco 40 kg,Materiales de construcción,10,9.48,94.80
2025-04-30,Cemento bolsa 42.5 kg,Materiales de construcción,15,30.03,450.45
2025-04-30,Codo PVC 1/2 pulgada,Gasfitería,3,1.58,4.74
2025-04-30,Rodillo felpa 9 pulgadas,Pinturas,6,15.30,91.80
2025-04-30,Serrucho carpintero 20 pulgadas,Herramientas manuales,5,35.27,176.35
2025-04-30,Tarugo plástico 6 mm ciento,Tornillería y fijaciones,10,5.68,56.80
2025-05-01,Arena fina saco 40 kg,Materiales de construcción,20,9.74,194.80
2025-05-01,Cable THW 12 AWG metro,Electricidad,10,3.67,36.70
2025-05-01,Foco LED 9W luz fría,Electricidad,1,7.30,7.30
2025-05-01,Tornillo drywall 1 pulgada ciento,Tornillería y fijaciones,1,8.23,8.23
2025-05-01,Tubo PVC agua 1/2 pulgada,Gasfitería,6,7.70,46.20
2025-05-02,Alicate universal 8 pulgadas,Herramientas manuales,1,25.10,25.10
2025-05-02,Cinta métrica 5 m,Herramientas manuales,2,13.67,27.34
2025-05-02,Juego de llaves mixtas 8 piezas,Herramientas manuales,2,58.62,117.24
2025-05-02,Pegamento cerámico 25 kg,Materiales de construcción,8,24.15,193.20
2025-05-03,Cemento bolsa 42.5 kg,Materiales de construcción,1,28.80,28.80
2025-05-03,Clavo para madera kg,Materiales de construcción,4,9.84,39.36
2025-05-03,Guante de seguridad latex par,Seguridad industrial,3,6.51,19.53
2025-05-03,Interruptor simple empotrable,Electricidad,2,9.00,18.00
2025-05-03,Ladrillo pandereta unidad,Materiales de construcción,5,0.97,4.85
2025-05-03,Lente de seguridad transparente,Seguridad industrial,10,9.54,95.40
2025-05-03,Nivel de burbuja 40 cm,Herramientas manuales,5,27.99,139.95
2025-05-04,Pintura látex blanca 1 gl,Pinturas,1,49.86,49.86
2025-05-04,Taladro percutor 650W,Herramientas eléctricas,1,199.45,199.45
2025-05-05,Arena fina saco 40 kg,Materiales de construcción,1,9.82,9.82
2025-05-05,Cemento bolsa 42.5 kg,Materiales de construcción,20,28.58,571.60
2025-05-05,Pegamento cerámico 25 kg,Materiales de construcción,6,22.67,136.02
2025-05-05,Tornillo autoperforante 3/4 ciento,Tornillería y fijaciones,2,9.15,18.30
2025-05-06,Arena fina saco 40 kg,Materiales de construcción,20,9.54,190.80
2025-05-06,Cinta aislante negra,Electricidad,5,3.50,17.50
2025-05-06,Lijadora orbital 240W,Herramientas eléctricas,1,133.76,133.76
2025-05-06,Regadera plástica 10 L,Jardinería,2,26.95,53.90
2025-05-06,Tornillo autoperforante 3/4 ciento,Tornillería y fijaciones,5,9.18,45.90
2025-05-07,Pintura látex blanca 1 gl,Pinturas,4,49.57,198.28
2025-05-08,Cemento bolsa 42.5 kg,Materiales de construcción,10,30.27,302.70
2025-05-08,Ladrillo pandereta unidad,Materiales de construcción,1,0.96,0.96
2025-05-10,Atornillador inalámbrico 12V,Herramientas eléctricas,1,181.43,181.43
2025-05-10,Cinta métrica 5 m,Herramientas manuales,1,13.28,13.28
2025-05-10,Cinta métrica 5 m,Herramientas manuales,5,14.25,71.25
2025-05-10,Pegamento cerámico 25 kg,Materiales de construcción,12,24.29,291.48
2025-05-10,Tomacorriente doble,Electricidad,1,10.94,10.94
2025-05-12,Cemento bolsa 42.5 kg,Materiales de construcción,5,29.06,145.30
2025-05-12,Pegamento PVC 1/4 gl,Gasfitería,3,17.43,52.29
2025-05-12,Tubo PVC agua 1/2 pulgada,Gasfitería,4,7.88,31.52
2025-05-13,Cable THW 12 AWG metro,Electricidad,2,3.58,7.16
2025-05-13,Tornillo drywall 1 pulgada ciento,Tornillería y fijaciones,2,8.22,16.44
2025-05-14,Canaleta PVC 20x10 mm,Electricidad,8,4.54,36.32
2025-05-14,Cemento bolsa 42.5 kg,Materiales de construcción,12,30.49,365.88
2025-05-14,Cinta métrica 5 m,Herramientas manuales,2,13.96,27.92
2025-05-14,Interruptor simple empotrable,Electricidad,4,9.15,36.60
2025-05-14,Tubo PVC agua 1/2 pulgada,Gasfitería,6,7.48,44.88
2025-05-14,Tubo PVC agua 1/2 pulgada,Gasfitería,5,7.45,37.25
2025-05-15,Cinta métrica 5 m,Herramientas manuales,2,13.65,27.30
2025-05-15,Interruptor simple empotrable,Electricidad,10,8.80,88.00
2025-05-16,Alicate universal 8 pulgadas,Herramientas manuales,2,24.11,48.22
2025-05-16,Pintura látex marfil 1 gl,Pinturas,2,46.55,93.10
2025-05-16,Thinner acrílico 1 L,Pinturas,1,12.93,12.93
2025-05-16,Tornillo drywall 1 pulgada ciento,Tornillería y fijaciones,10,8.54,85.40
2025-05-17,Cemento bolsa 42.5 kg,Materiales de construcción,20,29.54,590.80
2025-05-17,Rodillo felpa 9 pulgadas,Pinturas,1,15.11,15.11
2025-05-18,Cinta teflón 12 mm,Gasfitería,8,1.94,15.52
2025-05-18,Foco LED 9W luz fría,Electricidad,2,7.36,14.72
2025-05-19,Base selladora 1 gl,Pinturas,1,38.64,38.64
2025-05-20,Cinta teflón 12 mm,Gasfitería,4,2.02,8.08
2025-05-20,Cinta teflón 12 mm,Gasfitería,4,1.93,7.72
2025-05-20,Clavo para madera kg,Materiales de construcción,4,10.06,40.24
2025-05-20,Codo PVC 1/2 pulgada,Gasfitería,10,1.63,16.30
2025-05-20,Foco LED 9W luz fría,Electricidad,2,7.35,14.70
2025-05-20,Interruptor simple empotrable,Electricidad,8,8.86,70.88
2025-05-20,Pegamento cerámico 25 kg,Materiales de construcción,6,23.27,139.62
2025-05-20,Pintura látex blanca 1 gl,Pinturas,1,48.89,48.89
2025-05-20,Tornillo drywall 1 pulgada ciento,Tornillería y fijaciones,1,8.46,8.46
2025-05-21,Destornillador plano 6 pulgadas,Herramientas manuales,3,9.11,27.33
2025-05-21,Pegamento cerámico 25 kg,Materiales de construcción,10,23.45,234.50
2025-05-22,Arandela plana 1/4 ciento,Tornillería y fijaciones,10,6.95,69.50
2025-05-23,Cinta aislante negra,Electricidad,10,3.66,36.60
2025-05-23,Guante de seguridad latex par,Seguridad industrial,1,6.89,6.89
2025-05-23,Guante de seguridad latex par,Seguridad industrial,1,6.63,6.63
2025-05-23,Interruptor simple empotrable,Electricidad,15,8.72,130.80
2025-05-23,Ladrillo pandereta unidad,Materiales de construcción,8,0.96,7.68
2025-05-23,Martillo de acero 16 oz,Herramientas manuales,5,26.82,134.10
2025-05-23,Pegamento cerámico 25 kg,Materiales de construcción,3,22.81,68.43
2025-05-23,Taladro percutor 650W,Herramientas eléctricas,3,192.49,577.47
2025-05-24,Protector auditivo tipo copa,Seguridad industrial,1,32.12,32.12
2025-05-24,Tomacorriente doble,Electricidad,2,11.21,22.42
2025-05-24,Tubo PVC agua 1/2 pulgada,Gasfitería,8,7.40,59.20
2025-05-25,Ladrillo pandereta unidad,Materiales de construcción,2,0.96,1.92
2025-05-26,Martillo de acero 16 oz,Herramientas manuales,3,26.57,79.71
2025-05-26,Rodillo felpa 9 pulgadas,Pinturas,2,15.42,30.84
2025-05-26,Sierra circular 7 1/4 pulgadas,Herramientas eléctricas,1,343.35,343.35
2025-05-27,Cinta teflón 12 mm,Gasfitería,6,1.97,11.82
2025-05-27,Tornillo autoperforante 3/4 ciento,Tornillería y fijaciones,2,9.04,18.08
2025-05-28,Arandela plana 1/4 ciento,Tornillería y fijaciones,4,7.04,28.16
2025-05-28,Cemento bolsa 42.5 kg,Materiales de construcción,10,29.22,292.20
2025-05-28,Tornillo autoperforante 3/4 ciento,Tornillería y fijaciones,1,9.29,9.29
2025-05-28,Tuerca hexagonal 1/4 ciento,Tornillería y fijaciones,10,10.02,100.20
2025-05-29,Foco LED 9W luz fría,Electricidad,5,7.39,36.95
2025-05-29,Tubo PVC agua 1/2 pulgada,Gasfitería,4,7.84,31.36
2025-05-30,Chaleco reflectivo,Seguridad industrial,1,18.08,18.08
2025-05-30,Ladrillo pandereta unidad,Materiales de construcción,6,1.01,6.06
2025-05-30,Remache pop 1/8 ciento,Tornillería y fijaciones,4,14.89,59.56
2025-05-30,Tornillo autoperforante 3/4 ciento,Tornillería y fijaciones,2,8.74,17.48
2025-05-30,Tuerca hexagonal 1/4 ciento,Tornillería y fijaciones,8,9.89,79.12
2025-05-31,Guante de seguridad latex par,Seguridad industrial,4,6.79,27.16
2025-05-31,Tarugo plástico 6 mm ciento,Tornillería y fijaciones,2,5.51,11.02
2025-06-01,Rodillo felpa 9 pulgadas,Pinturas,2,15.72,31.44
2025-06-02,Maceta plastica mediana,Jardinería,2,10.60,21.20
2025-06-03,Arena fina saco 40 kg,Materiales de construcción,6,9.71,58.26
2025-06-03,Clavo para madera kg,Materiales de construcción,6,9.86,59.16
2025-06-03,Clavo para madera kg,Materiales de construcción,4,9.58,38.32
2025-06-03,Juego de llaves mixtas 8 piezas,Herramientas manuales,2,59.44,118.88
2025-06-03,Pintura látex blanca 1 gl,Pinturas,1,50.01,50.01
2025-06-04,Alicate universal 8 pulgadas,Herramientas manuales,5,23.98,119.90
2025-06-04,Clavo para madera kg,Materiales de construcción,20,10.30,206.00
2025-06-05,Foco LED 9W luz fría,Electricidad,4,7.31,29.24
2025-06-05,Ladrillo pandereta unidad,Materiales de construcción,2,0.96,1.92
2025-06-05,Tarugo plástico 6 mm ciento,Tornillería y fijaciones,10,5.68,56.80
2025-06-05,Tubo PVC agua 1/2 pulgada,Gasfitería,8,7.36,58.88
2025-06-06,Atornillador inalámbrico 12V,Herramientas eléctricas,2,176.18,352.36
2025-06-06,Cinta aislante negra,Electricidad,8,3.66,29.28
2025-06-06,Ladrillo pandereta unidad,Materiales de construcción,2,0.95,1.90
2025-06-06,Llave esférica 1/2 pulgada,Gasfitería,4,14.15,56.60
2025-06-06,Tubo PVC agua 1/2 pulgada,Gasfitería,1,7.41,7.41
2025-06-07,Brocha 2 pulgadas,Pinturas,3,7.23,21.69
2025-06-07,Cinta teflón 12 mm,Gasfitería,6,1.99,11.94
2025-06-07,Guante de seguridad latex par,Seguridad industrial,5,6.73,33.65
2025-06-07,Llave esférica 1/2 pulgada,Gasfitería,6,14.57,87.42
2025-06-07,Pegamento PVC 1/4 gl,Gasfitería,4,16.83,67.32
2025-06-09,Destornillador plano 6 pulgadas,Herramientas manuales,3,8.72,26.16
2025-06-09,Destornillador plano 6 pulgadas,Herramientas manuales,1,9.30,9.30
2025-06-10,Fertilizante universal 1 kg,Jardinería,1,14.63,14.63
2025-06-10,Llave esférica 1/2 pulgada,Gasfitería,4,14.65,58.60
2025-06-10,Martillo de acero 16 oz,Herramientas manuales,1,26.58,26.58
2025-06-10,Tuerca hexagonal 1/4 ciento,Tornillería y fijaciones,2,9.85,19.70
2025-06-11,Aspersor plástico regulable,Jardinería,5,17.21,86.05
2025-06-11,Llave esférica 1/2 pulgada,Gasfitería,1,14.89,14.89
2025-06-11,Pintura látex blanca 1 gl,Pinturas,2,50.21,100.42
2025-06-12,Cinta aislante negra,Electricidad,1,3.48,3.48
2025-06-12,Cinta métrica 5 m,Herramientas manuales,4,14.20,56.80
2025-06-12,Tornillo autoperforante 3/4 ciento,Tornillería y fijaciones,2,8.71,17.42
2025-06-13,Interruptor simple empotrable,Electricidad,3,9.26,27.78
2025-06-13,Rodillo felpa 9 pulgadas,Pinturas,6,15.75,94.50
2025-06-14,Chaleco reflectivo,Seguridad industrial,3,16.96,50.88
2025-06-14,Esmalte sintético negro 1/4 gl,Pinturas,4,26.86,107.44
2025-06-14,Pegamento cerámico 25 kg,Materiales de construcción,4,22.75,91.00
2025-06-14,Rastrillo metálico,Jardinería,2,33.41,66.82
2025-06-14,Rodillo felpa 9 pulgadas,Pinturas,1,15.06,15.06
2025-06-15,Codo PVC 1/2 pulgada,Gasfitería,1,1.54,1.54
2025-06-16,Mascarilla KN95 unidad,Seguridad industrial,5,2.55,12.75
2025-06-16,Pegamento cerámico 25 kg,Materiales de construcción,5,24.27,121.35
2025-06-16,Pegamento cerámico 25 kg,Materiales de construcción,6,23.33,139.98
2025-06-17,Pegamento cerámico 25 kg,Materiales de construcción,20,23.76,475.20
2025-06-17,Perno hexagonal 1/4 ciento,Tornillería y fijaciones,8,19.22,153.76
2025-06-17,Tornillo autoperforante 3/4 ciento,Tornillería y fijaciones,8,9.02,72.16
2025-06-17,Tornillo drywall 1 pulgada ciento,Tornillería y fijaciones,5,8.37,41.85
2025-06-18,Alicate universal 8 pulgadas,Herramientas manuales,2,24.69,49.38
2025-06-18,Foco LED 9W luz fría,Electricidad,10,6.93,69.30
2025-06-18,Interruptor simple empotrable,Electricidad,2,9.19,18.38
2025-06-18,Protector auditivo tipo copa,Seguridad industrial,8,32.49,259.92
2025-06-19,Tomacorriente doble,Electricidad,15,11.37,170.55
2025-06-19,Tubo PVC agua 1/2 pulgada,Gasfitería,2,7.30,14.60
2025-06-19,Yeso bolsa 20 kg,Materiales de construcción,8,13.83,110.64
2025-06-20,Cinta aislante negra,Electricidad,10,3.69,36.90
2025-06-20,Foco LED 9W luz fría,Electricidad,2,6.90,13.80
2025-06-20,Ladrillo pandereta unidad,Materiales de construcción,3,0.95,2.85
2025-06-20,Rotomartillo SDS Plus,Herramientas eléctricas,1,446.33,446.33
2025-06-20,Tomacorriente doble,Electricidad,2,10.88,21.76
2025-06-20,Tubo PVC agua 1/2 pulgada,Gasfitería,10,7.51,75.10
2025-06-21,Brocha 2 pulgadas,Pinturas,2,7.35,14.70
2025-06-21,Fertilizante universal 1 kg,Jardinería,3,14.60,43.80
2025-06-21,Tornillo autoperforante 3/4 ciento,Tornillería y fijaciones,1,9.00,9.00
2025-06-22,Tubo PVC agua 1/2 pulgada,Gasfitería,10,7.67,76.70
2025-06-23,Chaleco reflectivo,Seguridad industrial,10,17.50,175.00
2025-06-23,Lente de seguridad transparente,Seguridad industrial,4,10.03,40.12
2025-06-23,Martillo de acero 16 oz,Herramientas manuales,1,27.64,27.64
2025-06-24,Cemento bolsa 42.5 kg,Materiales de construcción,3,29.53,88.59
2025-06-24,Lija al agua grano 220,Pinturas,3,1.03,3.09
2025-06-24,Pegamento cerámico 25 kg,Materiales de construcción,8,22.68,181.44
2025-06-24,Tarugo plástico 6 mm ciento,Tornillería y fijaciones,5,5.50,27.50
2025-06-25,Alicate universal 8 pulgadas,Herramientas manuales,1,24.38,24.38
2025-06-25,Brocha 2 pulgadas,Pinturas,6,7.34,44.04
2025-06-25,Destornillador plano 6 pulgadas,Herramientas manuales,5,9.28,46.40
2025-06-25,Ladrillo pandereta unidad,Materiales de construcción,8,0.96,7.68
2025-06-25,Tomacorriente doble,Electricidad,5,11.01,55.05
2025-06-26,Alambre recocido kg,Materiales de construcción,12,8.68,104.16
2025-06-26,Amoladora angular 4.5 pulgadas,Herramientas eléctricas,1,158.94,158.94
2025-06-26,Cable THW 12 AWG metro,Electricidad,8,3.67,29.36
2025-06-26,Destornillador plano 6 pulgadas,Herramientas manuales,1,9.17,9.17
2025-06-26,Tomacorriente doble,Electricidad,8,11.06,88.48
2025-06-27,Esmalte sintético negro 1/4 gl,Pinturas,2,25.88,51.76
2025-06-27,Pegamento PVC 1/4 gl,Gasfitería,3,16.26,48.78
2025-06-27,Tubo PVC agua 1/2 pulgada,Gasfitería,10,7.52,75.20
2025-06-27,Tuerca hexagonal 1/4 ciento,Tornillería y fijaciones,2,9.85,19.70
2025-06-28,Alambre recocido kg,Materiales de construcción,6,9.07,54.42
2025-06-28,Destornillador plano 6 pulgadas,Herramientas manuales,5,9.25,46.25
2025-06-29,Base selladora 1 gl,Pinturas,1,38.98,38.98
2025-06-29,Cable THW 12 AWG metro,Electricidad,1,3.49,3.49
2025-06-29,Cemento bolsa 42.5 kg,Materiales de construcción,20,29.19,583.80
2025-06-29,Destornillador plano 6 pulgadas,Herramientas manuales,3,9.23,27.69
2025-06-29,Lija al agua grano 220,Pinturas,2,1.00,2.00
2025-06-30,Codo PVC 1/2 pulgada,Gasfitería,2,1.56,3.12
2025-06-30,Ladrillo pandereta unidad,Materiales de construcción,15,0.95,14.25
2025-06-30,Tornillo autoperforante 3/4 ciento,Tornillería y fijaciones,1,8.91,8.91
2025-06-30,Yeso bolsa 20 kg,Materiales de construcción,6,14.04,84.24
2025-07-01,Pegamento PVC 1/4 gl,Gasfitería,1,17.11,17.11
2025-07-01,Rodillo felpa 9 pulgadas,Pinturas,3,15.38,46.14
2025-07-01,Tornillo autoperforante 3/4 ciento,Tornillería y fijaciones,1,8.90,8.90
2025-07-02,Casco de seguridad amarillo,Seguridad industrial,2,24.47,48.94
2025-07-02,Cemento bolsa 42.5 kg,Materiales de construcción,20,30.66,613.20
2025-07-02,Llave francesa 10 pulgadas,Herramientas manuales,1,39.68,39.68
2025-07-02,Tarugo plástico 6 mm ciento,Tornillería y fijaciones,1,5.53,5.53
2025-07-03,Chaleco reflectivo,Seguridad industrial,8,17.37,138.96
2025-07-03,Foco LED 9W luz fría,Electricidad,10,7.10,71.00
2025-07-04,Cinta aislante negra,Electricidad,1,3.50,3.50
2025-07-04,Cinta teflón 12 mm,Gasfitería,2,2.06,4.12
2025-07-04,Tornillo autoperforante 3/4 ciento,Tornillería y fijaciones,3,8.64,25.92
2025-07-05,Rodillo felpa 9 pulgadas,Pinturas,4,15.59,62.36
2025-07-05,Thinner acrílico 1 L,Pinturas,2,13.31,26.62
2025-07-05,Tornillo autoperforante 3/4 ciento,Tornillería y fijaciones,2,8.91,17.82
2025-07-06,Amoladora angular 4.5 pulgadas,Herramientas eléctricas,3,151.54,454.62
2025-07-06,Foco LED 9W luz fría,Electricidad,2,7.29,14.58
2025-07-06,Pintura látex blanca 1 gl,Pinturas,1,47.56,47.56
2025-07-07,Brocha 2 pulgadas,Pinturas,4,7.44,29.76
2025-07-07,Cinta teflón 12 mm,Gasfitería,1,2.02,2.02
2025-07-07,Clavo para madera kg,Materiales de construcción,15,10.34,155.10
2025-07-07,Destornillador plano 6 pulgadas,Herramientas manuales,2,9.05,18.10
2025-07-07,Interruptor simple empotrable,Electricidad,15,8.89,133.35
2025-07-07,Pegamento PVC 1/4 gl,Gasfitería,2,17.00,34.00
2025-07-07,Pintura látex blanca 1 gl,Pinturas,6,48.72,292.32
2025-07-07,Tornillo drywall 1 pulgada ciento,Tornillería y fijaciones,10,8.40,84.00
2025-07-07,Tornillo drywall 1 pulgada ciento,Tornillería y fijaciones,2,8.58,17.16
2025-07-08,Destornillador plano 6 pulgadas,Herramientas manuales,1,8.64,8.64
2025-07-08,Martillo de acero 16 oz,Herramientas manuales,1,27.50,27.50
2025-07-08,Mascarilla KN95 unidad,Seguridad industrial,2,2.64,5.28
2025-07-08,Sierra circular 7 1/4 pulgadas,Herramientas eléctricas,1,334.99,334.99
2025-07-09,Pintura látex blanca 1 gl,Pinturas,2,49.23,98.46
2025-07-09,Yeso bolsa 20 kg,Materiales de construcción,2,14.11,28.22
2025-07-10,Arnés de seguridad cuerpo completo,Seguridad industrial,2,202.08,404.16
2025-07-10,Interruptor simple empotrable,Electricidad,5,9.11,45.55
2025-07-10,Lija al agua grano 220,Pinturas,1,1.04,1.04
2025-07-10,Lija al agua grano 220,Pinturas,1,1.06,1.06
2025-07-10,Martillo de acero 16 oz,Herramientas manuales,2,27.74,55.48
2025-07-10,Mascarilla KN95 unidad,Seguridad industrial,3,2.67,8.01
2025-07-10,Perno hexagonal 1/4 ciento,Tornillería y fijaciones,8,19.94,159.52
2025-07-10,Tomacorriente doble,Electricidad,5,10.97,54.85
2025-07-11,Alambre recocido kg,Materiales de construcción,4,9.25,37.00
2025-07-11,Ducha eléctrica 5500W,Gasfitería,10,93.99,939.90
2025-07-11,Guante de seguridad latex par,Seguridad industrial,2,6.54,13.08
2025-07-11,Ladrillo pandereta unidad,Materiales de construcción,6,0.98,5.88
2025-07-11,Ladrillo pandereta unidad,Materiales de construcción,15,0.95,14.25
2025-07-11,Martillo de acero 16 oz,Herramientas manuales,2,26.71,53.42
2025-07-11,Tornillo drywall 1 pulgada ciento,Tornillería y fijaciones,8,8.67,69.36
2025-07-11,Tornillo drywall 1 pulgada ciento,Tornillería y fijaciones,1,8.30,8.30
2025-07-12,Alicate universal 8 pulgadas,Herramientas manuales,4,23.95,95.80
2025-07-12,Cable THW 12 AWG metro,Electricidad,2,3.65,7.30
2025-07-12,Destornillador plano 6 pulgadas,Herramientas manuales,1,8.64,8.64
2025-07-12,Martillo de acero 16 oz,Herramientas manuales,5,27.68,138.40
2025-07-13,Alambre recocido kg,Materiales de construcción,10,9.09,90.90
2025-07-13,Guante de seguridad latex par,Seguridad industrial,2,6.64,13.28
2025-07-13,Lija al agua grano 220,Pinturas,2,1.06,2.12
2025-07-13,Martillo de acero 16 oz,Herramientas manuales,1,26.01,26.01
2025-07-14,Cinta métrica 5 m,Herramientas manuales,3,13.41,40.23
2025-07-14,Tubo PVC agua 1/2 pulgada,Gasfitería,8,7.67,61.36
2025-07-15,Cable THW 12 AWG metro,Electricidad,1,3.54,3.54
2025-07-15,Cemento bolsa 42.5 kg,Materiales de construcción,5,30.59,152.95
2025-07-15,Cemento bolsa 42.5 kg,Materiales de construcción,3,30.52,91.56
2025-07-15,Tuerca hexagonal 1/4 ciento,Tornillería y fijaciones,1,9.70,9.70
2025-07-16,Destornillador plano 6 pulgadas,Herramientas manuales,1,9.26,9.26
2025-07-16,Foco LED 9W luz fría,Electricidad,2,7.24,14.48
2025-07-16,Lente de seguridad transparente,Seguridad industrial,5,9.52,47.60
2025-07-16,Pegamento cerámico 25 kg,Materiales de construcción,1,24.10,24.10
2025-07-16,Tomacorriente doble,Electricidad,8,11.38,91.04
2025-07-16,Tomacorriente doble,Electricidad,1,11.04,11.04
2025-07-17,Arandela plana 1/4 ciento,Tornillería y fijaciones,5,6.77,33.85
2025-07-17,Mascarilla KN95 unidad,Seguridad industrial,8,2.50,20.00
2025-07-17,Rodillo felpa 9 pulgadas,Pinturas,6,16.15,96.90
2025-07-17,Tarugo plástico 6 mm ciento,Tornillería y fijaciones,1,5.37,5.37
2025-07-17,Tornillo drywall 1 pulgada ciento,Tornillería y fijaciones,5,8.25,41.25
2025-07-18,Codo PVC 1/2 pulgada,Gasfitería,2,1.64,3.28
2025-07-19,Interruptor simple empotrable,Electricidad,2,8.88,17.76
2025-07-19,Tomacorriente doble,Electricidad,3,10.98,32.94
2025-07-20,Alambre recocido kg,Materiales de construcción,8,8.69,69.52
2025-07-20,Alambre recocido kg,Materiales de construcción,8,9.26,74.08
2025-07-20,Cinta aislante negra,Electricidad,15,3.49,52.35
2025-07-20,Clavo para madera kg,Materiales de construcción,20,9.67,193.40
2025-07-20,Tomacorriente doble,Electricidad,3,11.22,33.66
2025-07-20,Tornillo autoperforante 3/4 ciento,Tornillería y fijaciones,2,8.87,17.74
2025-07-21,Cable THW 12 AWG metro,Electricidad,15,3.75,56.25
2025-07-21,Canaleta PVC 20x10 mm,Electricidad,15,4.59,68.85
2025-07-21,Manguera reforzada 15 m,Jardinería,1,48.39,48.39
2025-07-22,Interruptor simple empotrable,Electricidad,1,8.76,8.76
2025-07-22,Juego de llaves mixtas 8 piezas,Herramientas manuales,1,58.35,58.35
2025-07-22,Ladrillo pandereta unidad,Materiales de construcción,2,0.95,1.90
2025-07-22,Rodillo felpa 9 pulgadas,Pinturas,3,15.45,46.35
2025-07-22,Tarugo plástico 6 mm ciento,Tornillería y fijaciones,1,5.71,5.71
2025-07-23,Cemento bolsa 42.5 kg,Materiales de construcción,2,28.51,57.02
2025-07-23,Thinner acrílico 1 L,Pinturas,1,13.35,13.35
2025-07-23,Tornillo drywall 1 pulgada ciento,Tornillería y fijaciones,4,8.66,34.64
2025-07-24,Cinta aislante negra,Electricidad,10,3.54,35.40
2025-07-24,Llave esférica 1/2 pulgada,Gasfitería,8,14.14,113.12
2025-07-24,Tornillo autoperforante 3/4 ciento,Tornillería y fijaciones,3,9.18,27.54
2025-07-25,Cemento bolsa 42.5 kg,Materiales de construcción,20,29.95,599.00
2025-07-25,Cinta aislante negra,Electricidad,2,3.59,7.18
2025-07-25,Foco LED 9W luz fría,Electricidad,4,7.37,29.48
2025-07-25,Juego de llaves mixtas 8 piezas,Herramientas manuales,3,57.01,171.03
2025-07-25,Lente de seguridad transparente,Seguridad industrial,1,9.49,9.49
2025-07-25,Tarugo plástico 6 mm ciento,Tornillería y fijaciones,2,5.47,10.94
2025-07-25,Thinner acrílico 1 L,Pinturas,1,12.95,12.95
2025-07-26,Alicate universal 8 pulgadas,Herramientas manuales,4,23.55,94.20
2025-07-26,Chaleco reflectivo,Seguridad industrial,10,17.79,177.90
2025-07-26,Cinta teflón 12 mm,Gasfitería,8,2.02,16.16
2025-07-26,Destornillador plano 6 pulgadas,Herramientas manuales,1,8.73,8.73
2025-07-26,Impermeabilizante 4 L,Materiales de construcción,1,73.51,73.51
2025-07-26,Interruptor simple empotrable,Electricidad,3,8.77,26.31
2025-07-26,Llave esférica 1/2 pulgada,Gasfitería,5,14.25,71.25
2025-07-27,Arena fina saco 40 kg,Materiales de construcción,20,9.32,186.40
2025-07-27,Lija al agua grano 220,Pinturas,1,1.02,1.02
2025-07-27,Pegamento PVC 1/4 gl,Gasfitería,4,16.91,67.64
2025-07-27,Tarugo plástico 6 mm ciento,Tornillería y fijaciones,1,5.36,5.36
2025-07-28,Tornillo autoperforante 3/4 ciento,Tornillería y fijaciones,1,9.14,9.14
2025-07-29,Ladrillo pandereta unidad,Materiales de construcción,1,1.01,1.01
2025-07-29,Llave esférica 1/2 pulgada,Gasfitería,5,14.09,70.45
2025-07-29,Pegamento cerámico 25 kg,Materiales de construcción,8,22.88,183.04
2025-07-29,Pintura látex blanca 1 gl,Pinturas,4,50.33,201.32
2025-07-29,Serrucho carpintero 20 pulgadas,Herramientas manuales,4,35.89,143.56
2025-07-30,Atornillador inalámbrico 12V,Herramientas eléctricas,1,181.40,181.40
2025-07-30,Cable THW 12 AWG metro,Electricidad,8,3.53,28.24
2025-07-30,Interruptor simple empotrable,Electricidad,2,9.32,18.64
2025-07-30,Tornillo drywall 1 pulgada ciento,Tornillería y fijaciones,1,8.65,8.65
2025-07-31,Cinta aislante negra,Electricidad,8,3.64,29.12
2025-07-31,Destornillador plano 6 pulgadas,Herramientas manuales,3,9.04,27.12
2025-07-31,Lija al agua grano 220,Pinturas,1,1.03,1.03
2025-07-31,Perno hexagonal 1/4 ciento,Tornillería y fijaciones,1,20.16,20.16
2025-08-01,Destornillador plano 6 pulgadas,Herramientas manuales,1,9.13,9.13
2025-08-01,Tornillo autoperforante 3/4 ciento,Tornillería y fijaciones,2,8.95,17.90
2025-08-02,Lente de seguridad transparente,Seguridad industrial,3,9.88,29.64
2025-08-02,Llave francesa 10 pulgadas,Herramientas manuales,5,39.28,196.40
2025-08-02,Pegamento cerámico 25 kg,Materiales de construcción,2,22.95,45.90
2025-08-02,Tubo PVC agua 1/2 pulgada,Gasfitería,6,7.63,45.78
2025-08-03,Foco LED 9W luz fría,Electricidad,5,7.12,35.60
2025-08-03,Martillo de acero 16 oz,Herramientas manuales,1,26.30,26.30
2025-08-04,Cinta aislante negra,Electricidad,1,3.71,3.71
2025-08-04,Pintura látex marfil 1 gl,Pinturas,3,46.27,138.81
2025-08-04,Tornillo autoperforante 3/4 ciento,Tornillería y fijaciones,2,8.75,17.50
2025-08-05,Arandela plana 1/4 ciento,Tornillería y fijaciones,1,6.79,6.79
2025-08-05,Cinta aislante negra,Electricidad,1,3.70,3.70
2025-08-05,Llave esférica 1/2 pulgada,Gasfitería,5,13.99,69.95
2025-08-05,Nivel de burbuja 40 cm,Herramientas manuales,1,28.06,28.06
2025-08-06,Brocha 2 pulgadas,Pinturas,1,7.27,7.27
2025-08-06,Cable THW 12 AWG metro,Electricidad,4,3.61,14.44
2025-08-06,Cable THW 12 AWG metro,Electricidad,1,3.53,3.53
2025-08-06,Cemento bolsa 42.5 kg,Materiales de construcción,2,28.50,57.00
2025-08-06,Cemento bolsa 42.5 kg,Materiales de construcción,12,30.26,363.12
2025-08-06,Cinta teflón 12 mm,Gasfitería,5,2.03,10.15
2025-08-06,Ladrillo pandereta unidad,Materiales de construcción,6,1.00,6.00
2025-08-06,Lente de seguridad transparente,Seguridad industrial,1,9.38,9.38
2025-08-06,Lija al agua grano 220,Pinturas,6,1.03,6.18
2025-08-06,Rodillo felpa 9 pulgadas,Pinturas,4,16.13,64.52
2025-08-06,Tornillo autoperforante 3/4 ciento,Tornillería y fijaciones,1,8.98,8.98
2025-08-07,Arena fina saco 40 kg,Materiales de construcción,8,9.36,74.88
2025-08-07,Martillo de acero 16 oz,Herramientas manuales,2,27.11,54.22
2025-08-07,Rodillo felpa 9 pulgadas,Pinturas,2,15.87,31.74
2025-08-08,Cemento bolsa 42.5 kg,Materiales de construcción,20,29.85,597.00
2025-08-08,Rodillo felpa 9 pulgadas,Pinturas,1,15.86,15.86
2025-08-08,Tornillo drywall 1 pulgada ciento,Tornillería y fijaciones,4,8.58,34.32
2025-08-09,Foco LED 9W luz fría,Electricidad,5,7.05,35.25
2025-08-09,Nivel de burbuja 40 cm,Herramientas manuales,1,30.11,30.11
2025-08-09,Tubo PVC agua 1/2 pulgada,Gasfitería,4,7.37,29.48
2025-08-10,Cinta aislante negra,Electricidad,15,3.56,53.40
2025-08-10,Tuerca hexagonal 1/4 ciento,Tornillería y fijaciones,5,10.01,50.05
2025-08-11,Alicate universal 8 pulgadas,Herramientas manuales,1,24.22,24.22
2025-08-11,Arena fina saco 40 kg,Materiales de construcción,5,9.91,49.55
2025-08-11,Brocha 2 pulgadas,Pinturas,1,7.23,7.23
2025-08-11,Cinta métrica 5 m,Herramientas manuales,2,14.11,28.22
2025-08-11,Foco LED 9W luz fría,Electricidad,4,7.27,29.08
2025-08-11,Tarugo plástico 6 mm ciento,Tornillería y fijaciones,1,5.59,5.59
2025-08-12,Cable THW 12 AWG metro,Electricidad,2,3.57,7.14
2025-08-12,Cinta métrica 5 m,Herramientas manuales,2,13.89,27.78
2025-08-13,Amoladora angular 4.5 pulgadas,Herramientas eléctricas,2,159.94,319.88
2025-08-13,Martillo de acero 16 oz,Herramientas manuales,2,27.92,55.84
2025-08-13,Pintura látex blanca 1 gl,Pinturas,1,48.48,48.48
2025-08-13,Tornillo drywall 1 pulgada ciento,Tornillería y fijaciones,10,8.67,86.70
2025-08-14,Arena fina saco 40 kg,Materiales de construcción,6,9.34,56.04
2025-08-14,Guante de seguridad latex par,Seguridad industrial,4,6.91,27.64
2025-08-14,Tarugo plástico 6 mm ciento,Tornillería y fijaciones,5,5.49,27.45
2025-08-15,Cable THW 12 AWG metro,Electricidad,1,3.68,3.68
2025-08-15,Cinta métrica 5 m,Herramientas manuales,5,13.28,66.40
2025-08-15,Lente de seguridad transparente,Seguridad industrial,2,9.61,19.22
2025-08-15,Pegamento PVC 1/4 gl,Gasfitería,8,17.55,140.40
2025-08-16,Brocha 2 pulgadas,Pinturas,2,7.05,14.10
2025-08-16,Foco LED 9W luz fría,Electricidad,5,6.99,34.95
2025-08-16,Lija al agua grano 220,Pinturas,2,1.05,2.10
2025-08-17,Lija al agua grano 220,Pinturas,2,1.03,2.06
2025-08-17,Lija al agua grano 220,Pinturas,1,1.03,1.03
2025-08-17,Tomacorriente doble,Electricidad,15,11.21,168.15
2025-08-17,Tornillo autoperforante 3/4 ciento,Tornillería y fijaciones,3,9.01,27.03
2025-08-18,Pegamento cerámico 25 kg,Materiales de construcción,20,24.35,487.00
2025-08-18,Rodillo felpa 9 pulgadas,Pinturas,2,15.99,31.98
2025-08-18,Tornillo drywall 1 pulgada ciento,Tornillería y fijaciones,8,8.24,65.92
2025-08-19,Alicate universal 8 pulgadas,Herramientas manuales,2,24.80,49.60
2025-08-19,Brocha 2 pulgadas,Pinturas,2,7.01,14.02
2025-08-19,Foco LED 9W luz fría,Electricidad,1,7.00,7.00
2025-08-19,Rodillo felpa 9 pulgadas,Pinturas,4,15.66,62.64
2025-08-20,Interruptor simple empotrable,Electricidad,8,9.20,73.60
2025-08-20,Ladrillo pandereta unidad,Materiales de construcción,10,0.97,9.70
2025-08-20,Maceta plastica mediana,Jardinería,1,10.47,10.47
2025-08-20,Pegamento PVC 1/4 gl,Gasfitería,3,17.27,51.81
2025-08-20,Pegamento cerámico 25 kg,Materiales de construcción,1,23.83,23.83
2025-08-21,Alicate universal 8 pulgadas,Herramientas manuales,4,25.01,100.04
2025-08-21,Interruptor simple empotrable,Electricidad,2,9.00,18.00
2025-08-21,Rodillo felpa 9 pulgadas,Pinturas,1,15.20,15.20
2025-08-22,Arena fina saco 40 kg,Materiales de construcción,20,9.86,197.20
2025-08-22,Cemento bolsa 42.5 kg,Materiales de construcción,6,30.40,182.40
2025-08-22,Cemento bolsa 42.5 kg,Materiales de construcción,15,29.27,439.05
2025-08-22,Llave esférica 1/2 pulgada,Gasfitería,8,14.67,117.36
2025-08-23,Cinta teflón 12 mm,Gasfitería,8,1.92,15.36
2025-08-23,Llave esférica 1/2 pulgada,Gasfitería,1,14.33,14.33
2025-08-23,Mascarilla KN95 unidad,Seguridad industrial,3,2.68,8.04
2025-08-23,Tarugo plástico 6 mm ciento,Tornillería y fijaciones,3,5.68,17.04
2025-08-23,Yeso bolsa 20 kg,Materiales de construcción,15,14.13,211.95
2025-08-24,Martillo de acero 16 oz,Herramientas manuales,4,27.33,109.32
2025-08-24,Rodillo felpa 9 pulgadas,Pinturas,6,15.85,95.10
2025-08-24,Tornillo autoperforante 3/4 ciento,Tornillería y fijaciones,3,8.80,26.40
2025-08-25,Aspersor plástico regulable,Jardinería,2,17.30,34.60
2025-08-25,Destornillador plano 6 pulgadas,Herramientas manuales,2,8.97,17.94
2025-08-25,Foco LED 9W luz fría,Electricidad,5,7.05,35.25
2025-08-25,Guante de seguridad latex par,Seguridad industrial,1,6.64,6.64
2025-08-25,Pegamento cerámico 25 kg,Materiales de construcción,10,22.98,229.80
2025-08-25,Tornillo drywall 1 pulgada ciento,Tornillería y fijaciones,1,8.75,8.75
2025-08-26,Alambre recocido kg,Materiales de construcción,20,8.94,178.80
2025-08-26,Arena fina saco 40 kg,Materiales de construcción,3,9.48,28.44
2025-08-27,Perno hexagonal 1/4 ciento,Tornillería y fijaciones,2,18.78,37.56
2025-08-27,Tornillo drywall 1 pulgada ciento,Tornillería y fijaciones,10,8.33,83.30
2025-08-27,Trampa lavatorio PVC,Gasfitería,8,12.55,100.40
2025-08-27,Tuerca hexagonal 1/4 ciento,Tornillería y fijaciones,1,10.10,10.10
2025-08-28,Cemento bolsa 42.5 kg,Materiales de construcción,6,29.40,176.40
2025-08-28,Destornillador plano 6 pulgadas,Herramientas manuales,2,8.72,17.44
2025-08-28,Pintura látex marfil 1 gl,Pinturas,6,46.45,278.70
2025-08-28,Tornillo autoperforante 3/4 ciento,Tornillería y fijaciones,2,9.05,18.10
2025-08-29,Guante de seguridad latex par,Seguridad industrial,5,6.96,34.80
2025-08-29,Lija al agua grano 220,Pinturas,6,1.02,6.12
2025-08-30,Codo PVC 1/2 pulgada,Gasfitería,10,1.61,16.10
2025-08-30,Rodillo felpa 9 pulgadas,Pinturas,1,15.79,15.79
2025-08-30,Tomacorriente doble,Electricidad,5,10.70,53.50
2025-08-30,Tornillo autoperforante 3/4 ciento,Tornillería y fijaciones,4,8.79,35.16
2025-08-31,Arena fina saco 40 kg,Materiales de construcción,10,9.89,98.90
2025-08-31,Codo PVC 1/2 pulgada,Gasfitería,2,1.54,3.08
2025-08-31,Ladrillo pandereta unidad,Materiales de construcción,10,1.01,10.10
2025-08-31,Pintura látex marfil 1 gl,Pinturas,1,46.33,46.33
2025-09-01,Canaleta PVC 20x10 mm,Electricidad,1,4.49,4.49
2025-09-01,Cemento bolsa 42.5 kg,Materiales de construcción,20,29.99,599.80
2025-09-01,Maceta plastica mediana,Jardinería,3,10.35,31.05
2025-09-02,Amoladora angular 4.5 pulgadas,Herramientas eléctricas,2,154.06,308.12
2025-09-02,Brocha 2 pulgadas,Pinturas,3,7.42,22.26
2025-09-02,Cinta métrica 5 m,Herramientas manuales,1,13.25,13.25
2025-09-02,Tornillo drywall 1 pulgada ciento,Tornillería y fijaciones,10,8.44,84.40
2025-09-03,Alicate universal 8 pulgadas,Herramientas manuales,4,24.95,99.80
2025-09-03,Anclaje expansivo 3/8 unidad,Tornillería y fijaciones,1,2.79,2.79
2025-09-03,Esmalte sintético negro 1/4 gl,Pinturas,6,26.43,158.58
2025-09-03,Guante de seguridad latex par,Seguridad industrial,3,6.90,20.70
2025-09-03,Pegamento cerámico 25 kg,Materiales de construcción,15,23.46,351.90
2025-09-03,Rodillo felpa 9 pulgadas,Pinturas,1,15.64,15.64
2025-09-03,Tomacorriente doble,Electricidad,1,10.67,10.67
2025-09-03,Tomacorriente doble,Electricidad,2,10.59,21.18
2025-09-04,Martillo de acero 16 oz,Herramientas manuales,3,27.65,82.95
2025-09-04,Pegamento PVC 1/4 gl,Gasfitería,10,16.42,164.20
2025-09-04,Perno hexagonal 1/4 ciento,Tornillería y fijaciones,3,19.29,57.87
2025-09-05,Base selladora 1 gl,Pinturas,2,39.75,79.50
2025-09-05,Cemento bolsa 42.5 kg,Materiales de construcción,3,30.73,92.19
2025-09-05,Cinta aislante negra,Electricidad,8,3.53,28.24
2025-09-05,Cinta métrica 5 m,Herramientas manuales,2,13.36,26.72
2025-09-05,Foco LED 9W luz fría,Electricidad,2,7.24,14.48
2025-09-05,Martillo de acero 16 oz,Herramientas manuales,2,26.49,52.98
2025-09-05,Tablero eléctrico 8 polos,Electricidad,4,83.80,335.20
2025-09-06,Brocha 2 pulgadas,Pinturas,2,6.92,13.84
2025-09-06,Esmalte sintético negro 1/4 gl,Pinturas,4,26.77,107.08
2025-09-06,Ladrillo pandereta unidad,Materiales de construcción,15,1.02,15.30
2025-09-06,Manguera reforzada 15 m,Jardinería,2,49.90,99.80
2025-09-06,Remache pop 1/8 ciento,Tornillería y fijaciones,2,15.87,31.74
2025-09-06,Thinner acrílico 1 L,Pinturas,1,12.64,12.64
2025-09-07,Atornillador inalámbrico 12V,Herramientas eléctricas,1,172.52,172.52
2025-09-07,Lente de seguridad transparente,Seguridad industrial,4,9.36,37.44
2025-09-07,Tomacorriente doble,Electricidad,15,11.20,168.00
2025-09-08,Casco de seguridad amarillo,Seguridad industrial,10,24.30,243.00
2025-09-08,Llave esférica 1/2 pulgada,Gasfitería,4,14.18,56.72
2025-09-08,Trampa lavatorio PVC,Gasfitería,2,12.50,25.00
2025-09-08,Tuerca hexagonal 1/4 ciento,Tornillería y fijaciones,5,9.98,49.90
2025-09-09,Cinta teflón 12 mm,Gasfitería,2,2.00,4.00
2025-09-09,Destornillador plano 6 pulgadas,Herramientas manuales,5,9.06,45.30
2025-09-09,Foco LED 9W luz fría,Electricidad,4,7.03,28.12
2025-09-09,Pintura látex blanca 1 gl,Pinturas,2,48.26,96.52
2025-09-10,Cemento bolsa 42.5 kg,Materiales de construcción,5,30.58,152.90
2025-09-10,Cinta aislante negra,Electricidad,3,3.58,10.74
2025-09-10,Foco LED 9W luz fría,Electricidad,2,7.19,14.38
2025-09-10,Pegamento cerámico 25 kg,Materiales de construcción,6,22.86,137.16
2025-09-10,Tuerca hexagonal 1/4 ciento,Tornillería y fijaciones,8,10.29,82.32
2025-09-11,Alicate universal 8 pulgadas,Herramientas manuales,4,24.42,97.68
2025-09-11,Arandela plana 1/4 ciento,Tornillería y fijaciones,3,6.68,20.04
2025-09-11,Cemento bolsa 42.5 kg,Materiales de construcción,10,28.59,285.90
2025-09-11,Destornillador plano 6 pulgadas,Herramientas manuales,1,9.01,9.01
2025-09-11,Foco LED 9W luz fría,Electricidad,1,7.37,7.37
2025-09-11,Rodillo felpa 9 pulgadas,Pinturas,2,15.95,31.90
2025-09-11,Tubo PVC agua 1/2 pulgada,Gasfitería,10,7.45,74.50
2025-09-11,Tubo PVC agua 1/2 pulgada,Gasfitería,2,7.61,15.22
2025-09-12,Nivel de burbuja 40 cm,Herramientas manuales,5,28.76,143.80
2025-09-12,Tarugo plástico 6 mm ciento,Tornillería y fijaciones,1,5.37,5.37
2025-09-12,Tornillo autoperforante 3/4 ciento,Tornillería y fijaciones,4,8.91,35.64
2025-09-13,Brocha 2 pulgadas,Pinturas,1,7.33,7.33
2025-09-13,Cinta métrica 5 m,Herramientas manuales,4,13.88,55.52
2025-09-13,Clavo para madera kg,Materiales de construcción,20,10.33,206.60
2025-09-13,Tarugo plástico 6 mm ciento,Tornillería y fijaciones,8,5.63,45.04
2025-09-14,Arandela plana 1/4 ciento,Tornillería y fijaciones,3,7.08,21.24
2025-09-14,Cemento bolsa 42.5 kg,Materiales de construcción,1,28.86,28.86
2025-09-14,Chaleco reflectivo,Seguridad industrial,2,16.96,33.92
2025-09-15,Alambre recocido kg,Materiales de construcción,4,9.01,36.04
2025-09-15,Codo PVC 1/2 pulgada,Gasfitería,1,1.60,1.60
2025-09-15,Foco LED 9W luz fría,Electricidad,5,7.20,36.00
2025-09-15,Guante de seguridad latex par,Seguridad industrial,8,6.46,51.68
2025-09-15,Tornillo drywall 1 pulgada ciento,Tornillería y fijaciones,5,8.60,43.00
2025-09-15,Yeso bolsa 20 kg,Materiales de construcción,8,13.35,106.80
2025-09-16,Martillo de acero 16 oz,Herramientas manuales,2,26.62,53.24
2025-09-17,Cinta métrica 5 m,Herramientas manuales,3,13.97,41.91
2025-09-17,Cinta métrica 5 m,Herramientas manuales,1,13.50,13.50
2025-09-17,Pintura látex blanca 1 gl,Pinturas,2,47.06,94.12
2025-09-17,Thinner acrílico 1 L,Pinturas,2,12.62,25.24
2025-09-17,Tornillo drywall 1 pulgada ciento,Tornillería y fijaciones,8,8.72,69.76
2025-09-17,Trampa lavatorio PVC,Gasfitería,10,12.28,122.80
2025-09-18,Cinta métrica 5 m,Herramientas manuales,2,13.78,27.56
2025-09-18,Codo PVC 1/2 pulgada,Gasfitería,1,1.62,1.62
2025-09-18,Destornillador plano 6 pulgadas,Herramientas manuales,1,9.26,9.26
2025-09-18,Rodillo felpa 9 pulgadas,Pinturas,2,15.64,31.28
2025-09-19,Cinta aislante negra,Electricidad,2,3.62,7.24
2025-09-19,Destornillador plano 6 pulgadas,Herramientas manuales,2,9.05,18.10
2025-09-19,Interruptor simple empotrable,Electricidad,5,8.73,43.65
2025-09-19,Rodillo felpa 9 pulgadas,Pinturas,1,15.65,15.65
2025-09-19,Tornillo autoperforante 3/4 ciento,Tornillería y fijaciones,8,8.73,69.84
2025-09-19,Tornillo drywall 1 pulgada ciento,Tornillería y fijaciones,3,8.57,25.71
2025-09-20,Amoladora angular 4.5 pulgadas,Herramientas eléctricas,1,159.46,159.46
2025-09-20,Brocha 2 pulgadas,Pinturas,6,7.09,42.54
2025-09-20,Interruptor simple empotrable,Electricidad,2,9.23,18.46
2025-09-20,Martillo de acero 16 oz,Herramientas manuales,2,27.52,55.04
2025-09-20,Martillo de acero 16 oz,Herramientas manuales,3,26.23,78.69
2025-09-21,Cinta métrica 5 m,Herramientas manuales,5,13.90,69.50
2025-09-21,Tarugo plástico 6 mm ciento,Tornillería y fijaciones,2,5.43,10.86
2025-09-22,Cable THW 12 AWG metro,Electricidad,1,3.61,3.61
2025-09-22,Cemento bolsa 42.5 kg,Materiales de construcción,5,29.46,147.30
2025-09-23,Maceta plastica mediana,Jardinería,3,10.70,32.10
2025-09-24,Amoladora angular 4.5 pulgadas,Herramientas eléctricas,2,151.13,302.26
2025-09-24,Codo PVC 1/2 pulgada,Gasfitería,3,1.63,4.89
2025-09-24,Destornillador plano 6 pulgadas,Herramientas manuales,5,8.66,43.30
2025-09-24,Mascarilla KN95 unidad,Seguridad industrial,1,2.59,2.59
2025-09-24,Remache pop 1/8 ciento,Tornillería y fijaciones,10,15.84,158.40
2025-09-25,Ladrillo pandereta unidad,Materiales de construcción,1,1.00,1.00
2025-09-25,Tarugo plástico 6 mm ciento,Tornillería y fijaciones,2,5.52,11.04
2025-09-25,Thinner acrílico 1 L,Pinturas,2,13.32,26.64
2025-09-25,Tuerca hexagonal 1/4 ciento,Tornillería y fijaciones,3,9.77,29.31
2025-09-26,Brocha 2 pulgadas,Pinturas,3,7.44,22.32
2025-09-26,Manguera reforzada 15 m,Jardinería,4,50.38,201.52
2025-09-26,Rodillo felpa 9 pulgadas,Pinturas,6,15.10,90.60
2025-09-27,Alicate universal 8 pulgadas,Herramientas manuales,2,23.64,47.28
2025-09-27,Arena fina saco 40 kg,Materiales de construcción,15,9.33,139.95
2025-09-27,Cinta teflón 12 mm,Gasfitería,3,2.05,6.15
2025-09-27,Clavo para madera kg,Materiales de construcción,6,9.65,57.90
2025-09-27,Tijera de podar,Jardinería,5,31.96,159.80
2025-09-27,Tornillo autoperforante 3/4 ciento,Tornillería y fijaciones,10,8.68,86.80
2025-09-28,Cemento bolsa 42.5 kg,Materiales de construcción,15,29.58,443.70
2025-09-28,Ladrillo pandereta unidad,Materiales de construcción,12,0.95,11.40
2025-09-28,Nivel de burbuja 40 cm,Herramientas manuales,3,28.67,86.01
2025-09-29,Arandela plana 1/4 ciento,Tornillería y fijaciones,1,6.85,6.85
2025-09-29,Arena fina saco 40 kg,Materiales de construcción,1,9.52,9.52
2025-09-29,Cinta métrica 5 m,Herramientas manuales,5,13.75,68.75
2025-09-29,Guante de seguridad latex par,Seguridad industrial,1,6.72,6.72
2025-09-29,Lijadora orbital 240W,Herramientas eléctricas,1,135.96,135.96
2025-09-29,Pintura látex blanca 1 gl,Pinturas,1,49.05,49.05
2025-09-29,Serrucho carpintero 20 pulgadas,Herramientas manuales,5,35.49,177.45
2025-09-30,Cinta aislante negra,Electricidad,3,3.50,10.50
2025-09-30,Clavo para madera kg,Materiales de construcción,3,9.69,29.07
2025-09-30,Codo PVC 1/2 pulgada,Gasfitería,2,1.59,3.18
2025-09-30,Destornillador plano 6 pulgadas,Herramientas manuales,5,9.29,46.45
2025-09-30,Lija al agua grano 220,Pinturas,3,1.02,3.06
2025-09-30,Thinner acrílico 1 L,Pinturas,1,12.97,12.97
2025-09-30,Tornillo autoperforante 3/4 ciento,Tornillería y fijaciones,2,8.96,17.92
2025-09-30,Tuerca hexagonal 1/4 ciento,Tornillería y fijaciones,2,9.76,19.52
2025-10-01,Arena fina saco 40 kg,Materiales de construcción,8,9.72,77.76
2025-10-01,Ladrillo pandereta unidad,Materiales de construcción,15,0.99,14.85
2025-10-01,Ladrillo pandereta unidad,Materiales de construcción,6,1.02,6.12
2025-10-01,Lija al agua grano 220,Pinturas,1,1.04,1.04
2025-10-01,Tornillo drywall 1 pulgada ciento,Tornillería y fijaciones,8,8.48,67.84
2025-10-02,Destornillador plano 6 pulgadas,Herramientas manuales,4,9.05,36.20
2025-10-02,Guante de seguridad latex par,Seguridad industrial,5,6.84,34.20
2025-10-02,Perno hexagonal 1/4 ciento,Tornillería y fijaciones,1,19.83,19.83
2025-10-02,Pintura látex blanca 1 gl,Pinturas,4,47.05,188.20
2025-10-03,Breaker termomagnético 20A,Electricidad,2,33.39,66.78
2025-10-04,Cemento bolsa 42.5 kg,Materiales de construcción,10,29.34,293.40
2025-10-04,Guante de seguridad latex par,Seguridad industrial,5,6.84,34.20
2025-10-04,Interruptor simple empotrable,Electricidad,2,8.96,17.92
2025-10-04,Interruptor simple empotrable,Electricidad,1,9.03,9.03
2025-10-04,Trampa lavatorio PVC,Gasfitería,1,12.60,12.60
2025-10-04,Yeso bolsa 20 kg,Materiales de construcción,4,14.06,56.24
2025-10-05,Alicate universal 8 pulgadas,Herramientas manuales,5,23.79,118.95
2025-10-05,Cable THW 12 AWG metro,Electricidad,10,3.73,37.30
2025-10-05,Cinta aislante negra,Electricidad,2,3.52,7.04
2025-10-05,Tuerca hexagonal 1/4 ciento,Tornillería y fijaciones,5,10.10,50.50
2025-10-06,Casco de seguridad amarillo,Seguridad industrial,2,24.00,48.00
2025-10-06,Cemento bolsa 42.5 kg,Materiales de construcción,5,29.76,148.80
2025-10-06,Mascarilla KN95 unidad,Seguridad industrial,3,2.66,7.98
2025-10-06,Tornillo drywall 1 pulgada ciento,Tornillería y fijaciones,2,8.51,17.02
2025-10-06,Tubo PVC agua 1/2 pulgada,Gasfitería,10,7.57,75.70
2025-10-07,Cinta teflón 12 mm,Gasfitería,2,1.96,3.92
2025-10-07,Fertilizante universal 1 kg,Jardinería,1,14.54,14.54
2025-10-07,Trampa lavatorio PVC,Gasfitería,2,12.96,25.92
2025-10-08,Esmalte sintético negro 1/4 gl,Pinturas,4,25.11,100.44
2025-10-09,Cemento bolsa 42.5 kg,Materiales de construcción,12,30.69,368.28
2025-10-09,Mascarilla KN95 unidad,Seguridad industrial,3,2.53,7.59
2025-10-09,Tijera de podar,Jardinería,2,31.73,63.46
2025-10-10,Amoladora angular 4.5 pulgadas,Herramientas eléctricas,1,153.89,153.89
2025-10-10,Cable THW 12 AWG metro,Electricidad,10,3.73,37.30
2025-10-10,Cemento bolsa 42.5 kg,Materiales de construcción,4,29.09,116.36
2025-10-10,Codo PVC 1/2 pulgada,Gasfitería,4,1.53,6.12
2025-10-11,Cable THW 12 AWG metro,Electricidad,15,3.75,56.25
2025-10-11,Guante de seguridad latex par,Seguridad industrial,1,6.55,6.55
2025-10-11,Juego de llaves mixtas 8 piezas,Herramientas manuales,1,58.72,58.72
2025-10-11,Llave esférica 1/2 pulgada,Gasfitería,2,15.07,30.14
2025-10-11,Pegamento PVC 1/4 gl,Gasfitería,2,16.52,33.04
2025-10-12,Codo PVC 1/2 pulgada,Gasfitería,3,1.53,4.59
2025-10-12,Tubo PVC agua 1/2 pulgada,Gasfitería,3,7.69,23.07
2025-10-13,Alambre recocido kg,Materiales de construcción,3,9.17,27.51
2025-10-13,Breaker termomagnético 20A,Electricidad,1,32.45,32.45
2025-10-13,Foco LED 9W luz fría,Electricidad,4,7.12,28.48
2025-10-13,Interruptor simple empotrable,Electricidad,8,9.09,72.72
2025-10-13,Lente de seguridad transparente,Seguridad industrial,4,9.40,37.60
2025-10-14,Destornillador plano 6 pulgadas,Herramientas manuales,1,9.12,9.12
2025-10-14,Guante de seguridad latex par,Seguridad industrial,3,6.53,19.59
2025-10-14,Lija al agua grano 220,Pinturas,2,0.99,1.98
2025-10-14,Llave esférica 1/2 pulgada,Gasfitería,5,14.89,74.45
2025-10-14,Thinner acrílico 1 L,Pinturas,4,12.78,51.12
2025-10-15,Cable THW 12 AWG metro,Electricidad,2,3.54,7.08
2025-10-15,Foco LED 9W luz fría,Electricidad,4,7.31,29.24
2025-10-15,Tarugo plástico 6 mm ciento,Tornillería y fijaciones,1,5.74,5.74
2025-10-15,Tornillo drywall 1 pulgada ciento,Tornillería y fijaciones,1,8.21,8.21
2025-10-16,Base selladora 1 gl,Pinturas,4,38.59,154.36
2025-10-16,Cable THW 12 AWG metro,Electricidad,1,3.57,3.57
2025-10-16,Cable THW 12 AWG metro,Electricidad,15,3.61,54.15
2025-10-16,Cinta teflón 12 mm,Gasfitería,8,2.01,16.08
2025-10-16,Manguera reforzada 15 m,Jardinería,2,46.73,93.46
2025-10-16,Pegamento cerámico 25 kg,Materiales de construcción,8,23.23,185.84
2025-10-17,Arena fina saco 40 kg,Materiales de construcción,8,9.48,75.84
2025-10-17,Breaker termomagnético 20A,Electricidad,1,34.76,34.76
2025-10-17,Cable THW 12 AWG metro,Electricidad,5,3.53,17.65
2025-10-17,Cemento bolsa 42.5 kg,Materiales de construcción,1,29.61,29.61
2025-10-17,Destornillador plano 6 pulgadas,Herramientas manuales,4,9.05,36.20
2025-10-17,Interruptor simple empotrable,Electricidad,1,9.09,9.09
2025-10-17,Ladrillo pandereta unidad,Materiales de construcción,3,1.02,3.06
2025-10-17,Pegamento cerámico 25 kg,Materiales de construcción,6,24.16,144.96
2025-10-17,Rotomartillo SDS Plus,Herramientas eléctricas,2,444.43,888.86
2025-10-18,Alambre recocido kg,Materiales de construcción,1,8.82,8.82
2025-10-18,Alambre recocido kg,Materiales de construcción,2,8.94,17.88
2025-10-18,Lija al agua grano 220,Pinturas,4,0.98,3.92
2025-10-18,Pala jardinera,Jardinería,1,26.96,26.96
2025-10-19,Amoladora angular 4.5 pulgadas,Herramientas eléctricas,1,153.59,153.59
2025-10-19,Canaleta PVC 20x10 mm,Electricidad,1,4.67,4.67
2025-10-19,Cinta aislante negra,Electricidad,5,3.54,17.70
2025-10-19,Llave esférica 1/2 pulgada,Gasfitería,4,14.60,58.40
2025-10-20,Alicate universal 8 pulgadas,Herramientas manuales,5,24.67,123.35
2025-10-20,Breaker termomagnético 20A,Electricidad,10,34.66,346.60
2025-10-20,Brocha 2 pulgadas,Pinturas,3,7.42,22.26
2025-10-20,Cemento bolsa 42.5 kg,Materiales de construcción,1,30.53,30.53
2025-10-20,Martillo de acero 16 oz,Herramientas manuales,2,26.41,52.82
2025-10-20,Tomacorriente doble,Electricidad,3,10.64,31.92
2025-10-22,Canaleta PVC 20x10 mm,Electricidad,2,4.50,9.00
2025-10-22,Lente de seguridad transparente,Seguridad industrial,2,9.47,18.94
2025-10-22,Pintura látex marfil 1 gl,Pinturas,4,47.03,188.12
2025-10-22,Tarugo plástico 6 mm ciento,Tornillería y fijaciones,3,5.37,16.11
2025-10-23,Alicate universal 8 pulgadas,Herramientas manuales,2,23.72,47.44
2025-10-23,Interruptor simple empotrable,Electricidad,2,9.31,18.62
2025-10-23,Tuerca hexagonal 1/4 ciento,Tornillería y fijaciones,1,10.06,10.06
2025-10-24,Brocha 2 pulgadas,Pinturas,1,7.28,7.28
2025-10-24,Esmalte sintético negro 1/4 gl,Pinturas,1,26.73,26.73
2025-10-24,Foco LED 9W luz fría,Electricidad,5,7.12,35.60
2025-10-24,Martillo de acero 16 oz,Herramientas manuales,3,27.96,83.88
2025-10-24,Tarugo plástico 6 mm ciento,Tornillería y fijaciones,2,5.41,10.82
2025-10-25,Guante de seguridad latex par,Seguridad industrial,8,6.83,54.64
2025-10-25,Llave esférica 1/2 pulgada,Gasfitería,5,14.44,72.20
2025-10-25,Llave francesa 10 pulgadas,Herramientas manuales,4,37.49,149.96
2025-10-26,Taladro percutor 650W,Herramientas eléctricas,2,187.27,374.54
2025-10-27,Brocha 2 pulgadas,Pinturas,2,7.11,14.22
2025-10-27,Cemento bolsa 42.5 kg,Materiales de construcción,1,28.52,28.52
2025-10-27,Cinta aislante negra,Electricidad,2,3.57,7.14
2025-10-27,Cinta teflón 12 mm,Gasfitería,2,2.05,4.10
2025-10-27,Foco LED 9W luz fría,Electricidad,1,6.95,6.95
2025-10-27,Interruptor simple empotrable,Electricidad,3,9.12,27.36
2025-10-27,Pintura látex marfil 1 gl,Pinturas,2,48.48,96.96
2025-10-27,Tijera de podar,Jardinería,4,32.53,130.12
2025-10-28,Cemento bolsa 42.5 kg,Materiales de construcción,4,29.73,118.92
2025-10-28,Cinta teflón 12 mm,Gasfitería,6,1.94,11.64
2025-10-28,Martillo de acero 16 oz,Herramientas manuales,2,27.07,54.14
2025-10-28,Tomacorriente doble,Electricidad,2,11.18,22.36
2025-10-28,Tornillo drywall 1 pulgada ciento,Tornillería y fijaciones,5,8.21,41.05
2025-10-29,Codo PVC 1/2 pulgada,Gasfitería,3,1.58,4.74
2025-10-29,Interruptor simple empotrable,Electricidad,15,9.17,137.55
2025-10-29,Ladrillo pandereta unidad,Materiales de construcción,12,0.96,11.52
2025-10-29,Ladrillo pandereta unidad,Materiales de construcción,1,1.02,1.02
2025-10-29,Martillo de acero 16 oz,Herramientas manuales,2,26.94,53.88
2025-10-30,Llave esférica 1/2 pulgada,Gasfitería,2,14.23,28.46
2025-10-30,Nivel de burbuja 40 cm,Herramientas manuales,1,28.30,28.30
2025-10-30,Tuerca hexagonal 1/4 ciento,Tornillería y fijaciones,2,9.99,19.98
2025-10-31,Maceta plastica mediana,Jardinería,4,10.31,41.24
2025-10-31,Rodillo felpa 9 pulgadas,Pinturas,1,16.07,16.07
2025-11-01,Cinta aislante negra,Electricidad,3,3.40,10.20
2025-11-01,Fertilizante universal 1 kg,Jardinería,5,15.29,76.45
2025-11-01,Pala jardinera,Jardinería,1,27.87,27.87
2025-11-01,Tomacorriente doble,Electricidad,3,10.76,32.28
2025-11-02,Guante de seguridad latex par,Seguridad industrial,2,6.94,13.88
2025-11-03,Arena fina saco 40 kg,Materiales de construcción,2,9.49,18.98
2025-11-03,Breaker termomagnético 20A,Electricidad,5,32.80,164.00
2025-11-03,Cable THW 12 AWG metro,Electricidad,2,3.70,7.40
2025-11-03,Chaleco reflectivo,Seguridad industrial,2,17.64,35.28
2025-11-03,Interruptor simple empotrable,Electricidad,2,9.15,18.30
2025-11-03,Martillo de acero 16 oz,Herramientas manuales,2,27.97,55.94
2025-11-03,Mascarilla KN95 unidad,Seguridad industrial,1,2.35,2.35
2025-11-04,Rodillo felpa 9 pulgadas,Pinturas,2,15.82,31.64
2025-11-04,Tornillo drywall 1 pulgada ciento,Tornillería y fijaciones,3,8.61,25.83
2025-11-05,Brocha 2 pulgadas,Pinturas,2,6.95,13.90
2025-11-05,Manguera reforzada 15 m,Jardinería,4,49.24,196.96
2025-11-05,Martillo de acero 16 oz,Herramientas manuales,2,26.61,53.22
2025-11-06,Base selladora 1 gl,Pinturas,3,39.65,118.95
2025-11-06,Cable THW 12 AWG metro,Electricidad,8,3.65,29.20
2025-11-06,Cinta métrica 5 m,Herramientas manuales,5,12.73,63.65
2025-11-06,Foco LED 9W luz fría,Electricidad,3,7.13,21.39
2025-11-06,Pegamento PVC 1/4 gl,Gasfitería,2,16.98,33.96
2025-11-07,Alambre recocido kg,Materiales de construcción,10,8.96,89.60
2025-11-07,Alambre recocido kg,Materiales de construcción,3,8.86,26.58
2025-11-07,Cable THW 12 AWG metro,Electricidad,10,3.45,34.50
2025-11-07,Cinta teflón 12 mm,Gasfitería,1,1.94,1.94
2025-11-07,Martillo de acero 16 oz,Herramientas manuales,2,26.01,52.02
2025-11-07,Yeso bolsa 20 kg,Materiales de construcción,20,14.12,282.40
2025-11-08,Cable THW 12 AWG metro,Electricidad,2,3.56,7.12
2025-11-08,Cinta teflón 12 mm,Gasfitería,1,1.98,1.98
2025-11-08,Compresora de aire 24 L,Herramientas eléctricas,1,544.53,544.53
2025-11-08,Destornillador plano 6 pulgadas,Herramientas manuales,3,8.72,26.16
2025-11-08,Foco LED 9W luz fría,Electricidad,2,7.29,14.58
2025-11-08,Tarugo plástico 6 mm ciento,Tornillería y fijaciones,4,5.75,23.00
2025-11-09,Cable THW 12 AWG metro,Electricidad,2,3.56,7.12
2025-11-09,Codo PVC 1/2 pulgada,Gasfitería,1,1.50,1.50
2025-11-09,Juego de llaves mixtas 8 piezas,Herramientas manuales,3,58.39,175.17
2025-11-09,Manguera reforzada 15 m,Jardinería,3,48.40,145.20
2025-11-09,Tomacorriente doble,Electricidad,8,10.95,87.60
2025-11-10,Arena fina saco 40 kg,Materiales de construcción,12,9.80,117.60
2025-11-10,Brocha 2 pulgadas,Pinturas,3,6.90,20.70
2025-11-10,Lijadora orbital 240W,Herramientas eléctricas,1,128.56,128.56
2025-11-11,Brocha 2 pulgadas,Pinturas,4,6.65,26.60
2025-11-11,Cinta aislante negra,Electricidad,8,3.66,29.28
2025-11-11,Impermeabilizante 4 L,Materiales de construcción,15,72.09,1081.35
2025-11-11,Maceta plastica mediana,Jardinería,3,10.22,30.66
2025-11-11,Tomacorriente doble,Electricidad,3,11.41,34.23
2025-11-11,Tubo PVC agua 1/2 pulgada,Gasfitería,8,7.35,58.80
2025-11-12,Arena fina saco 40 kg,Materiales de construcción,4,9.71,38.84
2025-11-12,Arena fina saco 40 kg,Materiales de construcción,15,9.30,139.50
2025-11-12,Rodillo felpa 9 pulgadas,Pinturas,4,15.18,60.72
2025-11-12,Tornillo autoperforante 3/4 ciento,Tornillería y fijaciones,5,9.16,45.80
2025-11-13,Brocha 2 pulgadas,Pinturas,1,6.91,6.91
2025-11-13,Foco LED 9W luz fría,Electricidad,10,6.93,69.30
2025-11-13,Ladrillo pandereta unidad,Materiales de construcción,8,0.98,7.84
2025-11-13,Ladrillo pandereta unidad,Materiales de construcción,3,0.96,2.88
2025-11-13,Tarugo plástico 6 mm ciento,Tornillería y fijaciones,2,5.73,11.46
2025-11-14,Aspersor plástico regulable,Jardinería,4,16.76,67.04
2025-11-14,Cemento bolsa 42.5 kg,Materiales de construcción,15,27.59,413.85
2025-11-14,Clavo para madera kg,Materiales de construcción,5,10.30,51.50
2025-11-14,Esmalte sintético negro 1/4 gl,Pinturas,1,26.66,26.66
2025-11-15,Foco LED 9W luz fría,Electricidad,4,7.08,28.32
2025-11-15,Ladrillo pandereta unidad,Materiales de construcción,6,0.97,5.82
2025-11-15,Tarugo plástico 6 mm ciento,Tornillería y fijaciones,5,5.56,27.80
2025-11-15,Tornillo drywall 1 pulgada ciento,Tornillería y fijaciones,1,8.54,8.54
2025-11-15,Yeso bolsa 20 kg,Materiales de construcción,20,12.75,255.00
2025-11-16,Cinta aislante negra,Electricidad,1,3.47,3.47
2025-11-16,Cinta aislante negra,Electricidad,2,3.45,6.90
2025-11-17,Cable THW 12 AWG metro,Electricidad,3,3.61,10.83
2025-11-17,Cinta teflón 12 mm,Gasfitería,2,1.97,3.94
2025-11-17,Lente de seguridad transparente,Seguridad industrial,1,9.79,9.79
2025-11-17,Martillo de acero 16 oz,Herramientas manuales,2,27.75,55.50
2025-11-18,Cemento bolsa 42.5 kg,Materiales de construcción,4,29.37,117.48
2025-11-18,Clavo para madera kg,Materiales de construcción,4,9.74,38.96
2025-11-18,Guante de seguridad latex par,Seguridad industrial,8,6.84,54.72
2025-11-18,Manguera reforzada 15 m,Jardinería,5,47.73,238.65
2025-11-18,Tarugo plástico 6 mm ciento,Tornillería y fijaciones,1,5.50,5.50
2025-11-19,Pegamento cerámico 25 kg,Materiales de construcción,6,24.03,144.18
2025-11-19,Regadera plástica 10 L,Jardinería,3,26.04,78.12
2025-11-20,Atornillador inalámbrico 12V,Herramientas eléctricas,1,177.81,177.81
2025-11-20,Brocha 2 pulgadas,Pinturas,2,6.96,13.92
2025-11-20,Mascarilla KN95 unidad,Seguridad industrial,1,2.32,2.32
2025-11-20,Tarugo plástico 6 mm ciento,Tornillería y fijaciones,1,5.44,5.44
2025-11-21,Alicate universal 8 pulgadas,Herramientas manuales,3,24.88,74.64
2025-11-21,Arena fina saco 40 kg,Materiales de construcción,15,9.29,139.35
2025-11-21,Base selladora 1 gl,Pinturas,2,39.21,78.42
2025-11-21,Cemento bolsa 42.5 kg,Materiales de construcción,20,30.30,606.00
2025-11-21,Cinta métrica 5 m,Herramientas manuales,1,13.41,13.41
2025-11-21,Codo PVC 1/2 pulgada,Gasfitería,10,1.53,15.30
2025-11-21,Destornillador plano 6 pulgadas,Herramientas manuales,1,8.61,8.61
2025-11-21,Destornillador plano 6 pulgadas,Herramientas manuales,1,8.67,8.67
2025-11-21,Fertilizante universal 1 kg,Jardinería,1,15.34,15.34
2025-11-21,Interruptor simple empotrable,Electricidad,4,8.67,34.68
2025-11-21,Lija al agua grano 220,Pinturas,2,1.01,2.02
2025-11-21,Martillo de acero 16 oz,Herramientas manuales,1,27.33,27.33
2025-11-21,Tarugo plástico 6 mm ciento,Tornillería y fijaciones,1,5.28,5.28
2025-11-21,Tornillo drywall 1 pulgada ciento,Tornillería y fijaciones,1,7.95,7.95
2025-11-22,Amoladora angular 4.5 pulgadas,Herramientas eléctricas,2,142.68,285.36
2025-11-22,Cemento bolsa 42.5 kg,Materiales de construcción,12,28.76,345.12
2025-11-22,Pegamento cerámico 25 kg,Materiales de construcción,8,23.43,187.44
2025-11-23,Atornillador inalámbrico 12V,Herramientas eléctricas,3,171.15,513.45
2025-11-23,Cemento bolsa 42.5 kg,Materiales de construcción,12,29.97,359.64
2025-11-23,Destornillador plano 6 pulgadas,Herramientas manuales,2,9.14,18.28
2025-11-23,Pintura látex marfil 1 gl,Pinturas,4,47.02,188.08
2025-11-24,Alambre recocido kg,Materiales de construcción,4,9.21,36.84
2025-11-24,Alicate universal 8 pulgadas,Herramientas manuales,1,23.60,23.60
2025-11-24,Arena fina saco 40 kg,Materiales de construcción,1,9.75,9.75
2025-11-24,Cinta métrica 5 m,Herramientas manuales,4,12.31,49.24
2025-11-24,Lija al agua grano 220,Pinturas,1,1.00,1.00
2025-11-24,Manguera reforzada 15 m,Jardinería,3,48.70,146.10
2025-11-24,Pegamento cerámico 25 kg,Materiales de construcción,10,23.29,232.90
2025-11-24,Tomacorriente doble,Electricidad,4,11.35,45.40
2025-11-25,Chaleco reflectivo,Seguridad industrial,8,17.80,142.40
2025-11-25,Codo PVC 1/2 pulgada,Gasfitería,10,1.54,15.40
2025-11-25,Destornillador plano 6 pulgadas,Herramientas manuales,2,8.81,17.62
2025-11-25,Tornillo autoperforante 3/4 ciento,Tornillería y fijaciones,10,9.26,92.60
2025-11-25,Tornillo drywall 1 pulgada ciento,Tornillería y fijaciones,5,8.50,42.50
2025-11-26,Arena fina saco 40 kg,Materiales de construcción,5,9.74,48.70
2025-11-26,Brocha 2 pulgadas,Pinturas,3,7.01,21.03
2025-11-26,Esmalte sintético negro 1/4 gl,Pinturas,2,26.80,53.60
2025-11-26,Foco LED 9W luz fría,Electricidad,10,7.38,73.80
2025-11-27,Canaleta PVC 20x10 mm,Electricidad,1,4.41,4.41
2025-11-27,Cinta teflón 12 mm,Gasfitería,1,1.91,1.91
2025-11-27,Foco LED 9W luz fría,Electricidad,2,7.17,14.34
2025-11-28,Arena fina saco 40 kg,Materiales de construcción,6,9.30,55.80
2025-11-28,Clavo para madera kg,Materiales de construcción,3,9.61,28.83
2025-11-28,Destornillador plano 6 pulgadas,Herramientas manuales,5,9.06,45.30
2025-11-28,Interruptor simple empotrable,Electricidad,5,8.90,44.50
2025-11-28,Perno hexagonal 1/4 ciento,Tornillería y fijaciones,8,19.48,155.84
2025-11-29,Arandela plana 1/4 ciento,Tornillería y fijaciones,1,7.00,7.00
2025-11-29,Cinta métrica 5 m,Herramientas manuales,5,12.73,63.65
2025-11-29,Lente de seguridad transparente,Seguridad industrial,10,9.68,96.80
2025-11-29,Rodillo felpa 9 pulgadas,Pinturas,1,15.60,15.60
2025-11-30,Cable THW 12 AWG metro,Electricidad,15,3.76,56.40
2025-11-30,Esmalte sintético negro 1/4 gl,Pinturas,3,26.96,80.88
2025-11-30,Llave esférica 1/2 pulgada,Gasfitería,2,14.57,29.14
2025-11-30,Martillo de acero 16 oz,Herramientas manuales,1,26.90,26.90
2025-11-30,Rodillo felpa 9 pulgadas,Pinturas,6,16.18,97.08
2025-12-01,Alicate universal 8 pulgadas,Herramientas manuales,5,24.19,120.95
2025-12-01,Brocha 2 pulgadas,Pinturas,3,7.14,21.42
2025-12-01,Manguera reforzada 15 m,Jardinería,4,49.38,197.52
2025-12-01,Rodillo felpa 9 pulgadas,Pinturas,1,15.72,15.72
2025-12-02,Alambre recocido kg,Materiales de construcción,12,8.74,104.88
2025-12-02,Brocha 2 pulgadas,Pinturas,2,7.05,14.10
2025-12-02,Destornillador plano 6 pulgadas,Herramientas manuales,1,9.05,9.05
2025-12-02,Fertilizante universal 1 kg,Jardinería,2,15.09,30.18
2025-12-02,Lente de seguridad transparente,Seguridad industrial,1,9.37,9.37
2025-12-02,Thinner acrílico 1 L,Pinturas,2,13.47,26.94
2025-12-03,Alicate universal 8 pulgadas,Herramientas manuales,5,24.29,121.45
2025-12-03,Amoladora angular 4.5 pulgadas,Herramientas eléctricas,1,158.76,158.76
2025-12-03,Arena fina saco 40 kg,Materiales de construcción,12,8.98,107.76
2025-12-03,Base selladora 1 gl,Pinturas,2,40.13,80.26
2025-12-03,Brocha 2 pulgadas,Pinturas,1,7.41,7.41
2025-12-03,Taladro percutor 650W,Herramientas eléctricas,1,193.08,193.08
2025-12-03,Tornillo drywall 1 pulgada ciento,Tornillería y fijaciones,10,8.23,82.30
2025-12-04,Cable THW 12 AWG metro,Electricidad,5,3.52,17.60
2025-12-04,Casco de seguridad amarillo,Seguridad industrial,3,24.22,72.66
2025-12-04,Yeso bolsa 20 kg,Materiales de construcción,15,13.19,197.85
2025-12-05,Alambre recocido kg,Materiales de construcción,15,8.90,133.50
2025-12-05,Brocha 2 pulgadas,Pinturas,1,6.95,6.95
2025-12-05,Casco de seguridad amarillo,Seguridad industrial,4,24.90,99.60
2025-12-05,Cinta teflón 12 mm,Gasfitería,5,1.92,9.60
2025-12-05,Fertilizante universal 1 kg,Jardinería,5,14.87,74.35
2025-12-05,Interruptor simple empotrable,Electricidad,1,9.36,9.36
2025-12-05,Ladrillo pandereta unidad,Materiales de construcción,3,1.00,3.00
2025-12-05,Ladrillo pandereta unidad,Materiales de construcción,1,0.95,0.95
2025-12-05,Pegamento cerámico 25 kg,Materiales de construcción,10,23.54,235.40
2025-12-06,Esmalte sintético negro 1/4 gl,Pinturas,2,26.58,53.16
2025-12-06,Ladrillo pandereta unidad,Materiales de construcción,1,0.96,0.96
2025-12-06,Lente de seguridad transparente,Seguridad industrial,1,10.01,10.01
2025-12-06,Pegamento PVC 1/4 gl,Gasfitería,8,16.29,130.32
2025-12-07,Casco de seguridad amarillo,Seguridad industrial,8,24.10,192.80
2025-12-07,Juego de llaves mixtas 8 piezas,Herramientas manuales,2,61.16,122.32
2025-12-07,Tijera de podar,Jardinería,2,31.05,62.10
2025-12-07,Tornillo drywall 1 pulgada ciento,Tornillería y fijaciones,10,8.72,87.20
2025-12-08,Casco de seguridad amarillo,Seguridad industrial,1,23.82,23.82
2025-12-08,Foco LED 9W luz fría,Electricidad,1,6.94,6.94
2025-12-08,Interruptor simple empotrable,Electricidad,15,9.24,138.60
2025-12-08,Thinner acrílico 1 L,Pinturas,2,13.31,26.62
2025-12-08,Tijera de podar,Jardinería,2,31.69,63.38
2025-12-09,Brocha 2 pulgadas,Pinturas,2,7.14,14.28
2025-12-09,Cable THW 12 AWG metro,Electricidad,10,3.72,37.20
2025-12-09,Chaleco reflectivo,Seguridad industrial,2,17.99,35.98
2025-12-09,Martillo de acero 16 oz,Herramientas manuales,2,26.08,52.16
2025-12-09,Pintura látex blanca 1 gl,Pinturas,1,49.36,49.36
2025-12-10,Brocha 2 pulgadas,Pinturas,6,6.46,38.76
2025-12-10,Cinta métrica 5 m,Herramientas manuales,2,13.31,26.62
2025-12-10,Codo PVC 1/2 pulgada,Gasfitería,2,1.56,3.12
2025-12-10,Tuerca hexagonal 1/4 ciento,Tornillería y fijaciones,5,10.18,50.90
2025-12-11,Cable THW 12 AWG metro,Electricidad,1,3.45,3.45
2025-12-11,Codo PVC 1/2 pulgada,Gasfitería,3,1.52,4.56
2025-12-11,Tablero eléctrico 8 polos,Electricidad,15,81.48,1222.20
2025-12-12,Ladrillo pandereta unidad,Materiales de construcción,6,0.98,5.88
2025-12-12,Lijadora orbital 240W,Herramientas eléctricas,1,132.92,132.92
2025-12-12,Pegamento cerámico 25 kg,Materiales de construcción,2,22.78,45.56
2025-12-13,Arandela plana 1/4 ciento,Tornillería y fijaciones,1,6.70,6.70
2025-12-13,Cinta aislante negra,Electricidad,4,3.63,14.52
2025-12-13,Foco LED 9W luz fría,Electricidad,15,7.06,105.90
2025-12-13,Lente de seguridad transparente,Seguridad industrial,2,9.31,18.62
2025-12-14,Trampa lavatorio PVC,Gasfitería,2,12.71,25.42
2025-12-14,Tubo PVC agua 1/2 pulgada,Gasfitería,4,7.85,31.40
2025-12-15,Llave esférica 1/2 pulgada,Gasfitería,4,14.55,58.20
2025-12-15,Pintura látex marfil 1 gl,Pinturas,6,48.60,291.60
2025-12-15,Rodillo felpa 9 pulgadas,Pinturas,6,15.73,94.38
2025-12-15,Tornillo drywall 1 pulgada ciento,Tornillería y fijaciones,10,7.75,77.50
2025-12-15,Tubo PVC agua 1/2 pulgada,Gasfitería,8,7.88,63.04
2025-12-16,Cable THW 12 AWG metro,Electricidad,10,3.49,34.90
2025-12-16,Cemento bolsa 42.5 kg,Materiales de construcción,10,27.76,277.60
2025-12-16,Cinta métrica 5 m,Herramientas manuales,5,14.11,70.55
2025-12-16,Lente de seguridad transparente,Seguridad industrial,8,9.00,72.00
2025-12-16,Mascarilla KN95 unidad,Seguridad industrial,5,2.58,12.90
2025-12-16,Tarugo plástico 6 mm ciento,Tornillería y fijaciones,4,5.42,21.68
2025-12-16,Tornillo autoperforante 3/4 ciento,Tornillería y fijaciones,10,8.45,84.50
2025-12-16,Tubo PVC agua 1/2 pulgada,Gasfitería,5,7.62,38.10
2025-12-17,Alicate universal 8 pulgadas,Herramientas manuales,2,23.72,47.44
2025-12-17,Cinta métrica 5 m,Herramientas manuales,5,13.80,69.00
2025-12-17,Lente de seguridad transparente,Seguridad industrial,10,9.39,93.90
2025-12-17,Martillo de acero 16 oz,Herramientas manuales,2,27.44,54.88
2025-12-17,Sierra circular 7 1/4 pulgadas,Herramientas eléctricas,1,348.84,348.84
2025-12-17,Tarugo plástico 6 mm ciento,Tornillería y fijaciones,4,5.41,21.64
2025-12-18,Anclaje expansivo 3/8 unidad,Tornillería y fijaciones,8,2.75,22.00
2025-12-18,Arandela plana 1/4 ciento,Tornillería y fijaciones,10,7.10,71.00
2025-12-18,Cemento bolsa 42.5 kg,Materiales de construcción,1,30.41,30.41
2025-12-18,Cinta aislante negra,Electricidad,2,3.72,7.44
2025-12-18,Destornillador plano 6 pulgadas,Herramientas manuales,2,8.88,17.76
2025-12-18,Destornillador plano 6 pulgadas,Herramientas manuales,3,8.86,26.58
2025-12-18,Lija al agua grano 220,Pinturas,4,0.95,3.80
2025-12-18,Maceta plastica mediana,Jardinería,2,10.24,20.48
2025-12-18,Martillo de acero 16 oz,Herramientas manuales,2,26.67,53.34
2025-12-19,Alicate universal 8 pulgadas,Herramientas manuales,5,24.46,122.30
2025-12-19,Cinta aislante negra,Electricidad,4,3.46,13.84
2025-12-19,Esmalte sintético negro 1/4 gl,Pinturas,1,27.07,27.07
2025-12-19,Maceta plastica mediana,Jardinería,1,10.15,10.15
2025-12-19,Tomacorriente doble,Electricidad,10,10.65,106.50
2025-12-19,Tubo PVC agua 1/2 pulgada,Gasfitería,2,7.29,14.58
2025-12-20,Anclaje expansivo 3/8 unidad,Tornillería y fijaciones,10,2.91,29.10
2025-12-20,Breaker termomagnético 20A,Electricidad,4,32.36,129.44
2025-12-20,Brocha 2 pulgadas,Pinturas,1,7.09,7.09
2025-12-20,Cemento bolsa 42.5 kg,Materiales de construcción,12,29.65,355.80
2025-12-20,Llave francesa 10 pulgadas,Herramientas manuales,4,38.71,154.84
2025-12-20,Martillo de acero 16 oz,Herramientas manuales,1,27.48,27.48
2025-12-20,Taladro percutor 650W,Herramientas eléctricas,1,190.20,190.20
2025-12-21,Cemento bolsa 42.5 kg,Materiales de construcción,6,30.62,183.72
2025-12-21,Codo PVC 1/2 pulgada,Gasfitería,5,1.63,8.15
2025-12-21,Perno hexagonal 1/4 ciento,Tornillería y fijaciones,1,19.71,19.71
2025-12-21,Pintura látex blanca 1 gl,Pinturas,2,48.71,97.42
2025-12-22,Cable THW 12 AWG metro,Electricidad,15,3.70,55.50
2025-12-22,Lija al agua grano 220,Pinturas,1,1.00,1.00
2025-12-22,Lija al agua grano 220,Pinturas,2,1.06,2.12
2025-12-23,Destornillador plano 6 pulgadas,Herramientas manuales,1,9.17,9.17
2025-12-23,Mascarilla KN95 unidad,Seguridad industrial,10,2.51,25.10
2025-12-23,Protector auditivo tipo copa,Seguridad industrial,4,31.79,127.16
2025-12-23,Rodillo felpa 9 pulgadas,Pinturas,4,15.57,62.28
2025-12-23,Tornillo drywall 1 pulgada ciento,Tornillería y fijaciones,1,8.69,8.69
2025-12-24,Amoladora angular 4.5 pulgadas,Herramientas eléctricas,1,143.39,143.39
2025-12-24,Amoladora angular 4.5 pulgadas,Herramientas eléctricas,1,154.04,154.04
2025-12-24,Cemento bolsa 42.5 kg,Materiales de construcción,4,30.80,123.20
2025-12-24,Cinta aislante negra,Electricidad,5,3.47,17.35
2025-12-24,Destornillador plano 6 pulgadas,Herramientas manuales,4,9.20,36.80
2025-12-24,Ladrillo pandereta unidad,Materiales de construcción,12,0.98,11.76
2025-12-24,Tubo PVC agua 1/2 pulgada,Gasfitería,2,6.89,13.78
2025-12-25,Guante de seguridad latex par,Seguridad industrial,1,6.53,6.53
2025-12-25,Martillo de acero 16 oz,Herramientas manuales,1,27.87,27.87
2025-12-25,Tornillo autoperforante 3/4 ciento,Tornillería y fijaciones,10,8.88,88.80
2025-12-26,Alicate universal 8 pulgadas,Herramientas manuales,1,23.98,23.98
2025-12-26,Arandela plana 1/4 ciento,Tornillería y fijaciones,5,7.10,35.50
2025-12-26,Cemento bolsa 42.5 kg,Materiales de construcción,4,28.97,115.88
2025-12-26,Cemento bolsa 42.5 kg,Materiales de construcción,8,28.54,228.32
2025-12-26,Lijadora orbital 240W,Herramientas eléctricas,1,130.86,130.86
2025-12-26,Rodillo felpa 9 pulgadas,Pinturas,2,15.19,30.38
2025-12-26,Tornillo drywall 1 pulgada ciento,Tornillería y fijaciones,5,8.31,41.55
2025-12-27,Breaker termomagnético 20A,Electricidad,1,33.77,33.77
2025-12-27,Canaleta PVC 20x10 mm,Electricidad,5,4.60,23.00
2025-12-27,Cemento bolsa 42.5 kg,Materiales de construcción,2,28.58,57.16
2025-12-27,Cinta métrica 5 m,Herramientas manuales,3,13.55,40.65
2025-12-27,Lija al agua grano 220,Pinturas,4,1.04,4.16
2025-12-28,Canaleta PVC 20x10 mm,Electricidad,4,4.53,18.12
2025-12-29,Interruptor simple empotrable,Electricidad,15,8.50,127.50
2025-12-29,Martillo de acero 16 oz,Herramientas manuales,1,27.11,27.11
2025-12-29,Tornillo drywall 1 pulgada ciento,Tornillería y fijaciones,10,8.55,85.50
2025-12-30,Breaker termomagnético 20A,Electricidad,2,32.94,65.88
2025-12-30,Lija al agua grano 220,Pinturas,1,0.93,0.93
2025-12-30,Tomacorriente doble,Electricidad,1,11.41,11.41
2025-12-31,Lija al agua grano 220,Pinturas,2,0.99,1.98
2025-12-31,Regadera plástica 10 L,Jardinería,5,28.21,141.05
2026-01-01,Alambre recocido kg,Materiales de construcción,15,9.00,135.00
2026-01-01,Destornillador plano 6 pulgadas,Herramientas manuales,4,9.06,36.24
2026-01-01,Guante de seguridad latex par,Seguridad industrial,4,6.61,26.44
2026-01-01,Tarugo plástico 6 mm ciento,Tornillería y fijaciones,5,5.53,27.65
2026-01-01,Tornillo drywall 1 pulgada ciento,Tornillería y fijaciones,8,8.62,68.96
2026-01-01,Yeso bolsa 20 kg,Materiales de construcción,4,13.80,55.20
2026-01-02,Arena fina saco 40 kg,Materiales de construcción,10,9.77,97.70
2026-01-02,Tarugo plástico 6 mm ciento,Tornillería y fijaciones,10,5.39,53.90
2026-01-02,Tornillo autoperforante 3/4 ciento,Tornillería y fijaciones,3,9.08,27.24
2026-01-04,Cable THW 12 AWG metro,Electricidad,10,3.48,34.80
2026-01-04,Cable THW 12 AWG metro,Electricidad,5,3.70,18.50
2026-01-06,Arena fina saco 40 kg,Materiales de construcción,1,9.73,9.73
2026-01-06,Cinta teflón 12 mm,Gasfitería,1,1.91,1.91
2026-01-06,Ladrillo pandereta unidad,Materiales de construcción,3,1.02,3.06
2026-01-06,Rodillo felpa 9 pulgadas,Pinturas,3,15.43,46.29
2026-01-06,Rodillo felpa 9 pulgadas,Pinturas,6,15.16,90.96
2026-01-07,Cinta métrica 5 m,Herramientas manuales,3,13.41,40.23
2026-01-07,Cinta teflón 12 mm,Gasfitería,2,2.03,4.06
2026-01-08,Cinta teflón 12 mm,Gasfitería,1,2.03,2.03
2026-01-08,Taladro percutor 650W,Herramientas eléctricas,2,198.52,397.04
2026-01-08,Tomacorriente doble,Electricidad,10,10.74,107.40
2026-01-09,Cemento bolsa 42.5 kg,Materiales de construcción,1,29.57,29.57
2026-01-09,Pegamento PVC 1/4 gl,Gasfitería,1,16.78,16.78
2026-01-10,Casco de seguridad amarillo,Seguridad industrial,2,24.23,48.46
2026-01-10,Guante de seguridad latex par,Seguridad industrial,1,6.48,6.48
2026-01-10,Guante de seguridad latex par,Seguridad industrial,1,6.60,6.60
2026-01-10,Lente de seguridad transparente,Seguridad industrial,4,9.61,38.44
2026-01-10,Martillo de acero 16 oz,Herramientas manuales,4,27.90,111.60
2026-01-11,Arena fina saco 40 kg,Materiales de construcción,1,9.77,9.77
2026-01-11,Tarugo plástico 6 mm ciento,Tornillería y fijaciones,2,5.57,11.14
2026-01-11,Tubo PVC agua 1/2 pulgada,Gasfitería,4,7.87,31.48
2026-01-12,Alicate universal 8 pulgadas,Herramientas manuales,2,23.98,47.96
2026-01-12,Cinta métrica 5 m,Herramientas manuales,1,13.86,13.86
2026-01-12,Cinta teflón 12 mm,Gasfitería,8,1.99,15.92
2026-01-12,Lente de seguridad transparente,Seguridad industrial,1,9.77,9.77
2026-01-12,Martillo de acero 16 oz,Herramientas manuales,2,26.69,53.38
2026-01-12,Taladro percutor 650W,Herramientas eléctricas,1,196.51,196.51
2026-01-12,Tornillo drywall 1 pulgada ciento,Tornillería y fijaciones,5,8.21,41.05
2026-01-13,Tarugo plástico 6 mm ciento,Tornillería y fijaciones,1,5.36,5.36
2026-01-13,Tornillo autoperforante 3/4 ciento,Tornillería y fijaciones,10,8.94,89.40
2026-01-13,Tornillo drywall 1 pulgada ciento,Tornillería y fijaciones,3,8.22,24.66
2026-01-14,Alambre recocido kg,Materiales de construcción,15,9.32,139.80
2026-01-14,Cable THW 12 AWG metro,Electricidad,3,3.50,10.50
2026-01-14,Cinta teflón 12 mm,Gasfitería,5,1.92,9.60
2026-01-14,Interruptor simple empotrable,Electricidad,2,8.97,17.94
2026-01-14,Lente de seguridad transparente,Seguridad industrial,10,9.38,93.80
2026-01-14,Yeso bolsa 20 kg,Materiales de construcción,5,13.51,67.55
2026-01-15,Foco LED 9W luz fría,Electricidad,8,6.93,55.44
2026-01-15,Rodillo felpa 9 pulgadas,Pinturas,6,16.09,96.54
2026-01-16,Cinta aislante negra,Electricidad,15,3.73,55.95
2026-01-17,Brocha 2 pulgadas,Pinturas,2,6.94,13.88
2026-01-17,Pegamento cerámico 25 kg,Materiales de construcción,6,22.89,137.34
2026-01-18,Brocha 2 pulgadas,Pinturas,3,6.97,20.91
2026-01-18,Cemento bolsa 42.5 kg,Materiales de construcción,1,29.09,29.09
2026-01-18,Mascarilla KN95 unidad,Seguridad industrial,8,2.69,21.52
2026-01-18,Thinner acrílico 1 L,Pinturas,1,12.65,12.65
2026-01-18,Yeso bolsa 20 kg,Materiales de construcción,6,13.78,82.68
2026-01-19,Cinta aislante negra,Electricidad,15,3.54,53.10
2026-01-20,Casco de seguridad amarillo,Seguridad industrial,1,24.23,24.23
2026-01-20,Cinta métrica 5 m,Herramientas manuales,1,13.62,13.62
2026-01-20,Serrucho carpintero 20 pulgadas,Herramientas manuales,1,34.90,34.90
2026-01-20,Tornillo drywall 1 pulgada ciento,Tornillería y fijaciones,2,8.39,16.78
2026-01-21,Chaleco reflectivo,Seguridad industrial,10,17.45,174.50
2026-01-21,Clavo para madera kg,Materiales de construcción,20,9.74,194.80
2026-01-21,Guante de seguridad latex par,Seguridad industrial,3,6.87,20.61
2026-01-22,Tornillo drywall 1 pulgada ciento,Tornillería y fijaciones,3,8.46,25.38
2026-01-22,Tubo PVC agua 1/2 pulgada,Gasfitería,3,7.90,23.70
2026-01-23,Casco de seguridad amarillo,Seguridad industrial,10,24.02,240.20
2026-01-23,Cinta aislante negra,Electricidad,2,3.49,6.98
2026-01-24,Alicate universal 8 pulgadas,Herramientas manuales,1,23.74,23.74
2026-01-24,Cable THW 12 AWG metro,Electricidad,10,3.73,37.30
2026-01-24,Canaleta PVC 20x10 mm,Electricidad,1,4.77,4.77
2026-01-24,Pegamento cerámico 25 kg,Materiales de construcción,4,23.63,94.52
2026-01-24,Tornillo autoperforante 3/4 ciento,Tornillería y fijaciones,2,8.88,17.76
2026-01-25,Cable THW 12 AWG metro,Electricidad,2,3.61,7.22
2026-01-25,Destornillador plano 6 pulgadas,Herramientas manuales,4,8.88,35.52
2026-01-25,Destornillador plano 6 pulgadas,Herramientas manuales,3,9.31,27.93
2026-01-25,Tubo PVC agua 1/2 pulgada,Gasfitería,6,7.36,44.16
2026-01-25,Tubo PVC agua 1/2 pulgada,Gasfitería,3,7.89,23.67
2026-01-26,Arena fina saco 40 kg,Materiales de construcción,15,9.33,139.95
2026-01-26,Canaleta PVC 20x10 mm,Electricidad,4,4.49,17.96
2026-01-26,Foco LED 9W luz fría,Electricidad,4,7.04,28.16
2026-01-27,Cinta aislante negra,Electricidad,4,3.58,14.32
2026-01-27,Pegamento cerámico 25 kg,Materiales de construcción,8,23.74,189.92
2026-01-28,Cemento bolsa 42.5 kg,Materiales de construcción,10,30.57,305.70
2026-01-28,Guante de seguridad latex par,Seguridad industrial,10,6.51,65.10
2026-01-28,Tarugo plástico 6 mm ciento,Tornillería y fijaciones,5,5.75,28.75
2026-01-29,Cinta teflón 12 mm,Gasfitería,5,1.94,9.70
2026-01-29,Ladrillo pandereta unidad,Materiales de construcción,15,0.95,14.25
2026-01-29,Martillo de acero 16 oz,Herramientas manuales,1,27.37,27.37
2026-01-29,Tubo PVC agua 1/2 pulgada,Gasfitería,6,7.45,44.70
2026-01-30,Arena fina saco 40 kg,Materiales de construcción,10,9.83,98.30
2026-01-30,Arena fina saco 40 kg,Materiales de construcción,15,9.23,138.45
2026-01-31,Cemento bolsa 42.5 kg,Materiales de construcción,8,29.22,233.76
2026-01-31,Foco LED 9W luz fría,Electricidad,1,7.07,7.07
2026-01-31,Manguera reforzada 15 m,Jardinería,1,47.50,47.50
2026-01-31,Perno hexagonal 1/4 ciento,Tornillería y fijaciones,10,20.17,201.70
2026-02-01,Amoladora angular 4.5 pulgadas,Herramientas eléctricas,1,148.79,148.79
2026-02-02,Tarugo plástico 6 mm ciento,Tornillería y fijaciones,1,5.36,5.36
2026-02-03,Breaker termomagnético 20A,Electricidad,10,32.74,327.40
2026-02-03,Codo PVC 1/2 pulgada,Gasfitería,8,1.61,12.88
2026-02-03,Destornillador plano 6 pulgadas,Herramientas manuales,2,9.03,18.06
2026-02-03,Destornillador plano 6 pulgadas,Herramientas manuales,4,8.80,35.20
2026-02-03,Perno hexagonal 1/4 ciento,Tornillería y fijaciones,8,19.06,152.48
2026-02-03,Tarugo plástico 6 mm ciento,Tornillería y fijaciones,1,5.43,5.43
2026-02-04,Interruptor simple empotrable,Electricidad,5,9.15,45.75
2026-02-04,Juego de llaves mixtas 8 piezas,Herramientas manuales,1,57.71,57.71
2026-02-04,Mascarilla KN95 unidad,Seguridad industrial,1,2.60,2.60
2026-02-04,Tarugo plástico 6 mm ciento,Tornillería y fijaciones,10,5.45,54.50
2026-02-05,Alicate universal 8 pulgadas,Herramientas manuales,5,24.05,120.25
2026-02-05,Clavo para madera kg,Materiales de construcción,2,10.24,20.48
2026-02-05,Interruptor simple empotrable,Electricidad,8,8.82,70.56
2026-02-05,Tuerca hexagonal 1/4 ciento,Tornillería y fijaciones,10,9.70,97.00
2026-02-06,Cable THW 12 AWG metro,Electricidad,2,3.48,6.96
2026-02-06,Juego de llaves mixtas 8 piezas,Herramientas manuales,1,59.47,59.47
2026-02-06,Tubo PVC agua 1/2 pulgada,Gasfitería,4,7.76,31.04
2026-02-07,Ladrillo pandereta unidad,Materiales de construcción,4,0.97,3.88
2026-02-07,Lente de seguridad transparente,Seguridad industrial,1,9.31,9.31
2026-02-07,Tomacorriente doble,Electricidad,3,11.20,33.60
2026-02-07,Tornillo drywall 1 pulgada ciento,Tornillería y fijaciones,4,8.31,33.24
2026-02-08,Brocha 2 pulgadas,Pinturas,3,7.31,21.93
2026-02-08,Chaleco reflectivo,Seguridad industrial,1,17.77,17.77
2026-02-08,Cinta métrica 5 m,Herramientas manuales,5,13.88,69.40
2026-02-08,Foco LED 9W luz fría,Electricidad,10,7.15,71.50
2026-02-08,Interruptor simple empotrable,Electricidad,2,8.71,17.42
2026-02-09,Arena fina saco 40 kg,Materiales de construcción,8,9.35,74.80
2026-02-09,Guante de seguridad latex par,Seguridad industrial,1,6.77,6.77
2026-02-09,Ladrillo pandereta unidad,Materiales de construcción,3,0.95,2.85
2026-02-09,Ladrillo pandereta unidad,Materiales de construcción,6,0.96,5.76
2026-02-09,Lija al agua grano 220,Pinturas,6,1.05,6.30
2026-02-09,Mascarilla KN95 unidad,Seguridad industrial,1,2.55,2.55
2026-02-10,Brocha 2 pulgadas,Pinturas,4,7.29,29.16
2026-02-10,Guante de seguridad latex par,Seguridad industrial,1,6.91,6.91
2026-02-10,Yeso bolsa 20 kg,Materiales de construcción,20,14.21,284.20
2026-02-11,Lente de seguridad transparente,Seguridad industrial,10,9.76,97.60
2026-02-11,Pintura látex marfil 1 gl,Pinturas,4,48.39,193.56
2026-02-11,Rotomartillo SDS Plus,Herramientas eléctricas,2,444.08,888.16
2026-02-12,Casco de seguridad amarillo,Seguridad industrial,2,24.28,48.56
2026-02-12,Destornillador plano 6 pulgadas,Herramientas manuales,3,9.12,27.36
2026-02-12,Tornillo autoperforante 3/4 ciento,Tornillería y fijaciones,8,8.64,69.12
2026-02-13,Pala jardinera,Jardinería,1,26.80,26.80
2026-02-13,Taladro percutor 650W,Herramientas eléctricas,1,191.89,191.89
2026-02-14,Cinta teflón 12 mm,Gasfitería,10,1.97,19.70
2026-02-14,Tuerca hexagonal 1/4 ciento,Tornillería y fijaciones,10,9.96,99.60
2026-02-15,Alicate universal 8 pulgadas,Herramientas manuales,1,23.65,23.65
2026-02-15,Cinta métrica 5 m,Herramientas manuales,2,13.65,27.30
2026-02-15,Interruptor simple empotrable,Electricidad,1,9.07,9.07
2026-02-16,Destornillador plano 6 pulgadas,Herramientas manuales,5,8.63,43.15
2026-02-18,Foco LED 9W luz fría,Electricidad,8,7.30,58.40
2026-02-18,Pegamento PVC 1/4 gl,Gasfitería,4,17.52,70.08
2026-02-18,Tornillo drywall 1 pulgada ciento,Tornillería y fijaciones,4,8.74,34.96
2026-02-19,Arena fina saco 40 kg,Materiales de construcción,15,9.47,142.05
2026-02-20,Pegamento cerámico 25 kg,Materiales de construcción,20,24.17,483.40
2026-02-20,Pintura látex blanca 1 gl,Pinturas,2,47.78,95.56
2026-02-20,Sierra circular 7 1/4 pulgadas,Herramientas eléctricas,1,346.74,346.74
2026-02-21,Base selladora 1 gl,Pinturas,4,40.82,163.28
2026-02-21,Breaker termomagnético 20A,Electricidad,1,33.40,33.40
2026-02-21,Destornillador plano 6 pulgadas,Herramientas manuales,1,9.09,9.09
2026-02-21,Guante de seguridad latex par,Seguridad industrial,1,6.54,6.54
2026-02-21,Pintura látex blanca 1 gl,Pinturas,1,47.25,47.25
2026-02-22,Nivel de burbuja 40 cm,Herramientas manuales,1,28.25,28.25
2026-02-22,Tarugo plástico 6 mm ciento,Tornillería y fijaciones,2,5.48,10.96
2026-02-23,Breaker termomagnético 20A,Electricidad,5,33.83,169.15
2026-02-23,Cinta aislante negra,Electricidad,15,3.62,54.30
2026-02-23,Cinta métrica 5 m,Herramientas manuales,4,13.26,53.04
2026-02-23,Cinta métrica 5 m,Herramientas manuales,4,14.03,56.12
2026-02-23,Destornillador plano 6 pulgadas,Herramientas manuales,1,9.24,9.24
2026-02-23,Lente de seguridad transparente,Seguridad industrial,2,9.95,19.90
2026-02-23,Tarugo plástico 6 mm ciento,Tornillería y fijaciones,2,5.75,11.50
2026-02-24,Alicate universal 8 pulgadas,Herramientas manuales,4,24.16,96.64
2026-02-24,Cemento bolsa 42.5 kg,Materiales de construcción,5,30.42,152.10
2026-02-24,Cemento bolsa 42.5 kg,Materiales de construcción,4,30.69,122.76
2026-02-24,Destornillador plano 6 pulgadas,Herramientas manuales,4,8.74,34.96
2026-02-24,Interruptor simple empotrable,Electricidad,1,9.04,9.04
2026-02-24,Tubo PVC agua 1/2 pulgada,Gasfitería,1,7.33,7.33
2026-02-25,Arena fina saco 40 kg,Materiales de construcción,1,9.21,9.21
2026-02-25,Cinta aislante negra,Electricidad,10,3.58,35.80
2026-02-25,Codo PVC 1/2 pulgada,Gasfitería,6,1.55,9.30
2026-02-25,Taladro percutor 650W,Herramientas eléctricas,1,189.33,189.33
2026-02-26,Casco de seguridad amarillo,Seguridad industrial,5,24.96,124.80
2026-02-26,Martillo de acero 16 oz,Herramientas manuales,3,26.29,78.87
2026-02-27,Brocha 2 pulgadas,Pinturas,1,7.41,7.41
2026-02-27,Cemento bolsa 42.5 kg,Materiales de construcción,6,28.74,172.44
2026-02-27,Cinta teflón 12 mm,Gasfitería,4,2.05,8.20
2026-02-27,Destornillador plano 6 pulgadas,Herramientas manuales,4,8.70,34.80
2026-02-27,Ladrillo pandereta unidad,Materiales de construcción,4,1.01,4.04
2026-02-27,Martillo de acero 16 oz,Herramientas manuales,1,27.09,27.09
2026-02-27,Mascarilla KN95 unidad,Seguridad industrial,1,2.51,2.51
2026-02-27,Rodillo felpa 9 pulgadas,Pinturas,1,16.09,16.09
2026-02-27,Yeso bolsa 20 kg,Materiales de construcción,20,13.93,278.60
2026-02-28,Sierra circular 7 1/4 pulgadas,Herramientas eléctricas,2,342.71,685.42
2026-03-01,Cinta teflón 12 mm,Gasfitería,1,2.00,2.00
2026-03-01,Martillo de acero 16 oz,Herramientas manuales,1,27.69,27.69
2026-03-01,Pegamento cerámico 25 kg,Materiales de construcción,1,24.21,24.21
2026-03-02,Arena fina saco 40 kg,Materiales de construcción,1,9.21,9.21
2026-03-02,Brocha 2 pulgadas,Pinturas,1,7.10,7.10
2026-03-02,Codo PVC 1/2 pulgada,Gasfitería,1,1.54,1.54
2026-03-02,Fertilizante universal 1 kg,Jardinería,2,15.10,30.20
2026-03-02,Martillo de acero 16 oz,Herramientas manuales,1,26.68,26.68
2026-03-02,Tornillo drywall 1 pulgada ciento,Tornillería y fijaciones,8,8.55,68.40
2026-03-03,Cable THW 12 AWG metro,Electricidad,5,3.57,17.85
2026-03-03,Clavo para madera kg,Materiales de construcción,4,9.87,39.48
2026-03-03,Ladrillo pandereta unidad,Materiales de construcción,8,0.98,7.84
2026-03-03,Tornillo drywall 1 pulgada ciento,Tornillería y fijaciones,5,8.30,41.50
2026-03-04,Cable THW 12 AWG metro,Electricidad,3,3.58,10.74
2026-03-04,Cinta aislante negra,Electricidad,10,3.62,36.20
2026-03-04,Pintura látex marfil 1 gl,Pinturas,4,45.78,183.12
2026-03-04,Serrucho carpintero 20 pulgadas,Herramientas manuales,2,35.24,70.48
2026-03-04,Tomacorriente doble,Electricidad,15,10.58,158.70
2026-03-05,Guante de seguridad latex par,Seguridad industrial,1,6.73,6.73
2026-03-05,Tornillo autoperforante 3/4 ciento,Tornillería y fijaciones,1,8.86,8.86
2026-03-06,Base selladora 1 gl,Pinturas,1,41.37,41.37
2026-03-06,Cinta métrica 5 m,Herramientas manuales,5,13.69,68.45
2026-03-06,Codo PVC 1/2 pulgada,Gasfitería,3,1.57,4.71
2026-03-06,Pegamento cerámico 25 kg,Materiales de construcción,1,24.31,24.31
2026-03-06,Perno hexagonal 1/4 ciento,Tornillería y fijaciones,3,19.34,58.02
2026-03-06,Tuerca hexagonal 1/4 ciento,Tornillería y fijaciones,1,10.21,10.21
2026-03-07,Alicate universal 8 pulgadas,Herramientas manuales,2,24.19,48.38
2026-03-07,Rodillo felpa 9 pulgadas,Pinturas,1,15.11,15.11
2026-03-07,Taladro percutor 650W,Herramientas eléctricas,3,190.09,570.27
2026-03-08,Clavo para madera kg,Materiales de construcción,6,9.59,57.54
2026-03-08,Ladrillo pandereta unidad,Materiales de construcción,2,0.97,1.94
2026-03-09,Cinta teflón 12 mm,Gasfitería,8,2.03,16.24
2026-03-09,Cinta teflón 12 mm,Gasfitería,8,1.93,15.44
2026-03-10,Brocha 2 pulgadas,Pinturas,2,6.93,13.86
2026-03-11,Ladrillo pandereta unidad,Materiales de construcción,6,0.96,5.76
2026-03-12,Foco LED 9W luz fría,Electricidad,2,7.06,14.12
2026-03-12,Lente de seguridad transparente,Seguridad industrial,2,9.98,19.96
2026-03-12,Mascarilla KN95 unidad,Seguridad industrial,4,2.63,10.52
2026-03-13,Codo PVC 1/2 pulgada,Gasfitería,1,1.53,1.53
2026-03-13,Martillo de acero 16 oz,Herramientas manuales,1,27.17,27.17
2026-03-13,Tornillo drywall 1 pulgada ciento,Tornillería y fijaciones,2,8.29,16.58
2026-03-14,Cable THW 12 AWG metro,Electricidad,5,3.54,17.70
2026-03-14,Casco de seguridad amarillo,Seguridad industrial,8,23.72,189.76
2026-03-14,Cinta teflón 12 mm,Gasfitería,10,1.97,19.70
2026-03-14,Llave esférica 1/2 pulgada,Gasfitería,1,14.77,14.77
2026-03-14,Thinner acrílico 1 L,Pinturas,6,12.97,77.82
2026-03-15,Destornillador plano 6 pulgadas,Herramientas manuales,4,8.66,34.64
2026-03-15,Pegamento PVC 1/4 gl,Gasfitería,10,16.32,163.20
2026-03-16,Destornillador plano 6 pulgadas,Herramientas manuales,4,8.99,35.96
2026-03-16,Nivel de burbuja 40 cm,Herramientas manuales,1,29.16,29.16
2026-03-16,Taladro percutor 650W,Herramientas eléctricas,1,191.69,191.69
2026-03-17,Cable THW 12 AWG metro,Electricidad,4,3.56,14.24
2026-03-17,Cemento bolsa 42.5 kg,Materiales de construcción,8,28.77,230.16
2026-03-17,Chaleco reflectivo,Seguridad industrial,4,18.07,72.28
2026-03-17,Fertilizante universal 1 kg,Jardinería,4,14.56,58.24
2026-03-17,Martillo de acero 16 oz,Herramientas manuales,1,27.97,27.97
2026-03-17,Tornillo autoperforante 3/4 ciento,Tornillería y fijaciones,10,9.12,91.20
2026-03-17,Tubo PVC agua 1/2 pulgada,Gasfitería,2,7.51,15.02
2026-03-18,Codo PVC 1/2 pulgada,Gasfitería,1,1.59,1.59
2026-03-18,Manguera reforzada 15 m,Jardinería,4,47.14,188.56
2026-03-19,Alicate universal 8 pulgadas,Herramientas manuales,5,24.39,121.95
2026-03-19,Anclaje expansivo 3/8 unidad,Tornillería y fijaciones,2,2.83,5.66
2026-03-19,Arena fina saco 40 kg,Materiales de construcción,2,9.20,18.40
2026-03-19,Arena fina saco 40 kg,Materiales de construcción,4,9.92,39.68
2026-03-19,Codo PVC 1/2 pulgada,Gasfitería,8,1.53,12.24
2026-03-19,Foco LED 9W luz fría,Electricidad,4,6.90,27.60
2026-03-19,Tubo PVC agua 1/2 pulgada,Gasfitería,1,7.49,7.49
2026-03-20,Fertilizante universal 1 kg,Jardinería,3,14.60,43.80
2026-03-20,Guante de seguridad latex par,Seguridad industrial,2,6.59,13.18
2026-03-20,Pegamento cerámico 25 kg,Materiales de construcción,10,23.69,236.90
2026-03-21,Arena fina saco 40 kg,Materiales de construcción,8,9.90,79.20
2026-03-21,Cemento bolsa 42.5 kg,Materiales de construcción,12,28.69,344.28
2026-03-21,Cinta aislante negra,Electricidad,2,3.48,6.96
2026-03-21,Cinta métrica 5 m,Herramientas manuales,2,14.13,28.26
2026-03-23,Casco de seguridad amarillo,Seguridad industrial,5,23.62,118.10
2026-03-23,Cinta aislante negra,Electricidad,3,3.49,10.47
2026-03-23,Serrucho carpintero 20 pulgadas,Herramientas manuales,5,35.53,177.65
2026-03-23,Tornillo autoperforante 3/4 ciento,Tornillería y fijaciones,1,9.31,9.31
2026-03-27,Cemento bolsa 42.5 kg,Materiales de construcción,4,30.57,122.28
2026-03-27,Cinta aislante negra,Electricidad,1,3.59,3.59
2026-03-27,Codo PVC 1/2 pulgada,Gasfitería,5,1.62,8.10
2026-03-28,Cemento bolsa 42.5 kg,Materiales de construcción,1,29.55,29.55
2026-03-28,Cinta métrica 5 m,Herramientas manuales,1,13.48,13.48
2026-03-28,Destornillador plano 6 pulgadas,Herramientas manuales,4,8.92,35.68
2026-03-28,Esmalte sintético negro 1/4 gl,Pinturas,6,26.71,160.26
2026-03-28,Interruptor simple empotrable,Electricidad,1,9.15,9.15
2026-03-29,Arena fina saco 40 kg,Materiales de construcción,6,9.22,55.32
2026-03-29,Tarugo plástico 6 mm ciento,Tornillería y fijaciones,5,5.49,27.45
2026-03-29,Yeso bolsa 20 kg,Materiales de construcción,2,13.30,26.60
2026-03-30,Cemento bolsa 42.5 kg,Materiales de construcción,5,29.71,148.55
2026-03-30,Guante de seguridad latex par,Seguridad industrial,1,6.93,6.93
2026-03-30,Ladrillo pandereta unidad,Materiales de construcción,12,0.98,11.76
2026-03-30,Ladrillo pandereta unidad,Materiales de construcción,3,0.99,2.97
2026-03-30,Pegamento PVC 1/4 gl,Gasfitería,6,17.32,103.92
2026-03-31,Arena fina saco 40 kg,Materiales de construcción,1,9.73,9.73
2026-03-31,Cinta métrica 5 m,Herramientas manuales,4,13.39,53.56
2026-03-31,Pegamento cerámico 25 kg,Materiales de construcción,8,23.28,186.24
2026-03-31,Pintura látex blanca 1 gl,Pinturas,1,48.73,48.73
2026-03-31,Tomacorriente doble,Electricidad,1,10.65,10.65
2026-04-01,Interruptor simple empotrable,Electricidad,2,9.20,18.40
2026-04-01,Lijadora orbital 240W,Herramientas eléctricas,3,135.27,405.81
2026-04-01,Serrucho carpintero 20 pulgadas,Herramientas manuales,4,35.18,140.72
2026-04-02,Ladrillo pandereta unidad,Materiales de construcción,12,0.95,11.40
2026-04-02,Tomacorriente doble,Electricidad,1,11.15,11.15
2026-04-03,Codo PVC 1/2 pulgada,Gasfitería,2,1.62,3.24
2026-04-03,Codo PVC 1/2 pulgada,Gasfitería,1,1.64,1.64
2026-04-03,Taladro percutor 650W,Herramientas eléctricas,1,184.72,184.72
2026-04-04,Arandela plana 1/4 ciento,Tornillería y fijaciones,4,6.78,27.12
2026-04-04,Cinta aislante negra,Electricidad,8,3.64,29.12
2026-04-04,Cinta teflón 12 mm,Gasfitería,1,1.95,1.95
2026-04-04,Destornillador plano 6 pulgadas,Herramientas manuales,2,8.94,17.88
2026-04-04,Martillo de acero 16 oz,Herramientas manuales,1,26.23,26.23
2026-04-05,Breaker termomagnético 20A,Electricidad,5,33.23,166.15
2026-04-05,Clavo para madera kg,Materiales de construcción,1,9.62,9.62
2026-04-05,Tuerca hexagonal 1/4 ciento,Tornillería y fijaciones,1,9.87,9.87
2026-04-06,Base selladora 1 gl,Pinturas,1,38.53,38.53
2026-04-06,Cable THW 12 AWG metro,Electricidad,2,3.48,6.96
2026-04-06,Cinta métrica 5 m,Herramientas manuales,4,13.82,55.28
2026-04-06,Ladrillo pandereta unidad,Materiales de construcción,10,1.02,10.20
2026-04-06,Llave esférica 1/2 pulgada,Gasfitería,4,14.13,56.52
2026-04-06,Pegamento cerámico 25 kg,Materiales de construcción,8,23.21,185.68
2026-04-06,Trampa lavatorio PVC,Gasfitería,8,12.49,99.92
2026-04-06,Tubo PVC agua 1/2 pulgada,Gasfitería,6,7.54,45.24
2026-04-07,Cable THW 12 AWG metro,Electricidad,1,3.50,3.50
2026-04-07,Cinta métrica 5 m,Herramientas manuales,1,14.21,14.21
2026-04-08,Cemento bolsa 42.5 kg,Materiales de construcción,2,30.01,60.02
2026-04-08,Thinner acrílico 1 L,Pinturas,4,13.43,53.72
2026-04-09,Alambre recocido kg,Materiales de construcción,6,9.07,54.42
2026-04-09,Cable THW 12 AWG metro,Electricidad,1,3.71,3.71
2026-04-09,Destornillador plano 6 pulgadas,Herramientas manuales,1,8.88,8.88
2026-04-09,Ladrillo pandereta unidad,Materiales de construcción,4,0.96,3.84
2026-04-09,Ladrillo pandereta unidad,Materiales de construcción,5,1.00,5.00
2026-04-09,Rodillo felpa 9 pulgadas,Pinturas,3,15.05,45.15
2026-04-10,Arena fina saco 40 kg,Materiales de construcción,1,9.76,9.76
2026-04-10,Cable THW 12 AWG metro,Electricidad,1,3.53,3.53
2026-04-10,Canaleta PVC 20x10 mm,Electricidad,1,4.56,4.56
2026-04-10,Cinta aislante negra,Electricidad,5,3.70,18.50
2026-04-10,Clavo para madera kg,Materiales de construcción,12,9.58,114.96
2026-04-10,Llave esférica 1/2 pulgada,Gasfitería,4,14.87,59.48
2026-04-10,Llave francesa 10 pulgadas,Herramientas manuales,2,39.61,79.22
2026-04-10,Tarugo plástico 6 mm ciento,Tornillería y fijaciones,5,5.57,27.85
2026-04-11,Perno hexagonal 1/4 ciento,Tornillería y fijaciones,1,19.69,19.69
2026-04-11,Serrucho carpintero 20 pulgadas,Herramientas manuales,5,34.68,173.40
2026-04-12,Cable THW 12 AWG metro,Electricidad,2,3.59,7.18
2026-04-12,Rodillo felpa 9 pulgadas,Pinturas,1,15.14,15.14
2026-04-12,Tarugo plástico 6 mm ciento,Tornillería y fijaciones,5,5.43,27.15
2026-04-12,Tuerca hexagonal 1/4 ciento,Tornillería y fijaciones,8,9.84,78.72
2026-04-13,Breaker termomagnético 20A,Electricidad,15,32.74,491.10
2026-04-13,Brocha 2 pulgadas,Pinturas,1,7.24,7.24
2026-04-13,Casco de seguridad amarillo,Seguridad industrial,4,24.70,98.80
2026-04-13,Cinta teflón 12 mm,Gasfitería,2,2.01,4.02
2026-04-14,Destornillador plano 6 pulgadas,Herramientas manuales,5,9.22,46.10
2026-04-14,Lente de seguridad transparente,Seguridad industrial,3,9.59,28.77
2026-04-14,Lija al agua grano 220,Pinturas,2,1.06,2.12
2026-04-14,Yeso bolsa 20 kg,Materiales de construcción,3,14.19,42.57
2026-04-15,Guante de seguridad latex par,Seguridad industrial,10,6.54,65.40
2026-04-17,Clavo para madera kg,Materiales de construcción,12,10.36,124.32
2026-04-18,Arena fina saco 40 kg,Materiales de construcción,12,9.68,116.16
2026-04-18,Arena fina saco 40 kg,Materiales de construcción,3,9.86,29.58
2026-04-18,Cemento bolsa 42.5 kg,Materiales de construcción,8,28.68,229.44
2026-04-18,Regadera plástica 10 L,Jardinería,1,27.85,27.85
2026-04-20,Cinta teflón 12 mm,Gasfitería,2,2.01,4.02
2026-04-20,Tarugo plástico 6 mm ciento,Tornillería y fijaciones,8,5.47,43.76
2026-04-21,Llave esférica 1/2 pulgada,Gasfitería,2,14.64,29.28
2026-04-21,Perno hexagonal 1/4 ciento,Tornillería y fijaciones,10,19.50,195.00
2026-04-21,Tomacorriente doble,Electricidad,1,11.33,11.33
2026-04-22,Cemento bolsa 42.5 kg,Materiales de construcción,1,30.31,30.31
2026-04-22,Lija al agua grano 220,Pinturas,4,1.02,4.08
2026-04-22,Tarugo plástico 6 mm ciento,Tornillería y fijaciones,2,5.33,10.66
2026-04-23,Cinta teflón 12 mm,Gasfitería,1,1.98,1.98
2026-04-23,Pegamento PVC 1/4 gl,Gasfitería,8,17.27,138.16
2026-04-24,Casco de seguridad amarillo,Seguridad industrial,3,25.00,75.00
2026-04-24,Cinta aislante negra,Electricidad,5,3.65,18.25
2026-04-24,Clavo para madera kg,Materiales de construcción,20,10.07,201.40
2026-04-24,Tomacorriente doble,Electricidad,10,10.84,108.40
2026-04-24,Tornillo autoperforante 3/4 ciento,Tornillería y fijaciones,2,9.12,18.24
2026-04-25,Breaker termomagnético 20A,Electricidad,2,33.28,66.56
2026-04-25,Fertilizante universal 1 kg,Jardinería,4,14.80,59.20
2026-04-25,Llave esférica 1/2 pulgada,Gasfitería,1,14.78,14.78
2026-04-25,Tornillo autoperforante 3/4 ciento,Tornillería y fijaciones,3,9.18,27.54
2026-04-25,Tornillo drywall 1 pulgada ciento,Tornillería y fijaciones,1,8.39,8.39
2026-04-26,Alambre recocido kg,Materiales de construcción,8,8.80,70.40
2026-04-26,Amoladora angular 4.5 pulgadas,Herramientas eléctricas,2,157.44,314.88
2026-04-26,Atornillador inalámbrico 12V,Herramientas eléctricas,3,181.47,544.41
2026-04-26,Esmalte sintético negro 1/4 gl,Pinturas,2,26.14,52.28
2026-04-26,Tornillo autoperforante 3/4 ciento,Tornillería y fijaciones,2,8.95,17.90
2026-04-26,Tuerca hexagonal 1/4 ciento,Tornillería y fijaciones,10,10.34,103.40
2026-04-27,Atornillador inalámbrico 12V,Herramientas eléctricas,1,176.19,176.19
2026-04-27,Destornillador plano 6 pulgadas,Herramientas manuales,4,8.69,34.76
2026-04-27,Tornillo drywall 1 pulgada ciento,Tornillería y fijaciones,1,8.37,8.37
2026-04-28,Cinta métrica 5 m,Herramientas manuales,1,13.85,13.85
2026-04-28,Lente de seguridad transparente,Seguridad industrial,10,9.56,95.60
2026-04-28,Pegamento PVC 1/4 gl,Gasfitería,5,16.48,82.40
2026-04-28,Pegamento cerámico 25 kg,Materiales de construcción,6,22.70,136.20
2026-04-29,Arena fina saco 40 kg,Materiales de construcción,8,9.78,78.24
2026-04-29,Cinta teflón 12 mm,Gasfitería,8,2.02,16.16
2026-04-29,Fertilizante universal 1 kg,Jardinería,1,14.57,14.57
2026-04-29,Ladrillo pandereta unidad,Materiales de construcción,5,1.02,5.10
2026-04-29,Lija al agua grano 220,Pinturas,1,1.00,1.00
2026-04-29,Pintura látex blanca 1 gl,Pinturas,1,48.60,48.60
2026-04-29,Pintura látex marfil 1 gl,Pinturas,6,48.75,292.50
2026-04-29,Rodillo felpa 9 pulgadas,Pinturas,3,15.22,45.66
2026-04-30,Casco de seguridad amarillo,Seguridad industrial,3,23.55,70.65
2026-04-30,Destornillador plano 6 pulgadas,Herramientas manuales,2,9.27,18.54
2026-04-30,Destornillador plano 6 pulgadas,Herramientas manuales,3,9.26,27.78
2026-04-30,Llave esférica 1/2 pulgada,Gasfitería,4,14.75,59.00
2026-04-30,Tomacorriente doble,Electricidad,5,11.30,56.50
